serial,title,original_name,filename,location,type,affiliation,region_bucket,hiring_priority,website
1,Budge Budge College,Budge Budge College,budge-budge-college.md,"Budge Budge, Greater Kolkata / South 24 Parganas section, West Bengal",General Degree College,Information to be updated,Kolkata and outskirts,Medium,https://www.budgebudgecollege.org
2,Maheshtala College,Maheshtala College,maheshtala-college.md,"Maheshtala, Greater Kolkata / South 24 Parganas section, West Bengal",General Degree College,Information to be updated,Kolkata and outskirts,Medium,https://www.maheshtalacollege.ac.in
3,Bidhan Chandra College,Bidhan Chandra College,bidhan-chandra-college.md,"Hooghly, West Bengal",College / Affiliated Institution,University of Calcutta affiliated colleges,Kolkata and outskirts,Not assessed,
4,Mahitosh Nandi Mahavidyalaya,Mahitosh Nandi Mahavidyalaya,mahitosh-nandi-mahavidyalaya.md,"Hooghly, West Bengal",College / Affiliated Institution,University of Calcutta affiliated colleges,Kolkata and outskirts,Not assessed,
5,Nabagram Hiralal Paul College,Nabagram Hiralal Paul College,nabagram-hiralal-paul-college.md,"Hooghly, West Bengal",College / Affiliated Institution,University of Calcutta affiliated colleges,Kolkata and outskirts,Not assessed,
6,Raja Peary Mohan College,Raja Peary Mohan College,raja-peary-mohan-college.md,"Hooghly, West Bengal",College / Affiliated Institution,University of Calcutta affiliated colleges,Kolkata and outskirts,Not assessed,
7,Serampore College,Serampore College,serampore-college.md,"Hooghly, West Bengal",College / Affiliated Institution,University of Calcutta affiliated colleges,Kolkata and outskirts,Not assessed,
8,Serampore Girls' College,Serampore Girls' College,serampore-girls-college.md,"Hooghly, West Bengal",College / Affiliated Institution,University of Calcutta affiliated colleges,Kolkata and outskirts,Not assessed,
9,Swami Niswambalananda Girls' College,Swami Niswambalananda Girls' College,swami-niswambalananda-girls-college.md,"Hooghly, West Bengal",College / Affiliated Institution,University of Calcutta affiliated colleges,Kolkata and outskirts,Not assessed,
10,Vidyasagar Mahavidyalaya,Vidyasagar Mahavidyalaya,vidyasagar-mahavidyalaya.md,"Hooghly, West Bengal",College / Affiliated Institution,University of Calcutta affiliated colleges,Kolkata and outskirts,Not assessed,
11,Azad Hind Fouz Smriti Mahavidyalaya,Azad Hind Fouz Smriti Mahavidyalaya,azad-hind-fouz-smriti-mahavidyalaya.md,"Howrah, West Bengal",College / Affiliated Institution,University of Calcutta affiliated colleges,Kolkata and outskirts,Not assessed,
12,Bagnan College,Bagnan College,bagnan-college.md,"Howrah, West Bengal",College / Affiliated Institution,University of Calcutta affiliated colleges,Kolkata and outskirts,Not assessed,
13,Bijoy Krishna Girls' College,Bijoy Krishna Girls' College,bijoy-krishna-girls-college.md,"Howrah, West Bengal",College / Affiliated Institution,University of Calcutta affiliated colleges,Kolkata and outskirts,Not assessed,
14,Dr. Kanailal Bhattacharyya College,Dr. Kanailal Bhattacharyya College,dr-kanailal-bhattacharyya-college.md,"Howrah, West Bengal",College / Affiliated Institution,University of Calcutta affiliated colleges,Kolkata and outskirts,Not assessed,
15,Gangadharpur Mahavidyamandir,Gangadharpur Mahavidyamandir,gangadharpur-mahavidyamandir.md,"Howrah, West Bengal",College / Affiliated Institution,University of Calcutta affiliated colleges,Kolkata and outskirts,Not assessed,
16,George Group of Colleges,George Group of Colleges,george-group-of-colleges.md,"Howrah, West Bengal",College / Affiliated Institution,University of Calcutta affiliated colleges,Kolkata and outskirts,Not assessed,
17,Joypur Panchanan Roy College,Joypur Panchanan Roy College,joypur-panchanan-roy-college.md,"Howrah, West Bengal",College / Affiliated Institution,University of Calcutta affiliated colleges,Kolkata and outskirts,Not assessed,
18,Lalbaba College,Lalbaba College,lalbaba-college.md,"Howrah, West Bengal",College / Affiliated Institution,University of Calcutta affiliated colleges,Kolkata and outskirts,Not assessed,
19,Narasinha Dutt College,Narasinha Dutt College,narasinha-dutt-college.md,"Howrah, West Bengal",College / Affiliated Institution,University of Calcutta affiliated colleges,Kolkata and outskirts,Not assessed,
20,Panchla Mahavidyalaya,Panchla Mahavidyalaya,panchla-mahavidyalaya.md,"Howrah, West Bengal",College / Affiliated Institution,University of Calcutta affiliated colleges,Kolkata and outskirts,Not assessed,
21,Prabhu Jagatbandhu College,Prabhu Jagatbandhu College,prabhu-jagatbandhu-college.md,"Howrah, West Bengal",College / Affiliated Institution,University of Calcutta affiliated colleges,Kolkata and outskirts,Not assessed,
22,Purash Kanpur Haridas Nandi Mahavidyalaya,Purash Kanpur Haridas Nandi Mahavidyalaya,purash-kanpur-haridas-nandi-mahavidyalaya.md,"Howrah, West Bengal",College / Affiliated Institution,University of Calcutta affiliated colleges,Kolkata and outskirts,Not assessed,
23,Ramakrishna Mission Sikshanamandira,Ramakrishna Mission Sikshanamandira,ramakrishna-mission-sikshanamandira.md,"Howrah, West Bengal",College / Affiliated Institution,University of Calcutta affiliated colleges,Kolkata and outskirts,Not assessed,
24,Ramakrishna Mission Vidyamandira,Ramakrishna Mission Vidyamandira,ramakrishna-mission-vidyamandira.md,"Howrah, West Bengal",College / Affiliated Institution,University of Calcutta affiliated colleges,Kolkata and outskirts,Not assessed,
25,Ramsaday College,Ramsaday College,ramsaday-college.md,"Howrah, West Bengal",College / Affiliated Institution,University of Calcutta affiliated colleges,Kolkata and outskirts,Not assessed,
26,Shibpur Dinobundhoo Institution (College),Shibpur Dinobundhoo Institution (College),shibpur-dinobundhoo-institution-college.md,"Howrah, West Bengal",College / Affiliated Institution,University of Calcutta affiliated colleges,Kolkata and outskirts,Not assessed,
27,Shree Agrasain College (Self-Finance),Shree Agrasain College (Self-Finance),shree-agrasain-college-self-finance.md,"Howrah, West Bengal",College / Affiliated Institution,University of Calcutta affiliated colleges,Kolkata and outskirts,Not assessed,
28,Shyampur Siddheswari Mahavidyalaya,Shyampur Siddheswari Mahavidyalaya,shyampur-siddheswari-mahavidyalaya.md,"Howrah, West Bengal",College / Affiliated Institution,University of Calcutta affiliated colleges,Kolkata and outskirts,Not assessed,
29,Sovarani Memorial College,Sovarani Memorial College,sovarani-memorial-college.md,"Howrah, West Bengal",College / Affiliated Institution,University of Calcutta affiliated colleges,Kolkata and outskirts,Not assessed,
30,Sureswar Dutta Law College,Sureswar Dutta Law College (S.F),sureswar-dutta-law-college.md,"Howrah, West Bengal",College / Affiliated Institution,University of Calcutta affiliated colleges,Kolkata and outskirts,Not assessed,
31,Udaynarayanpur Madhabilata Mahavidyalaya,Udaynarayanpur Madhabilata Mahavidyalaya,udaynarayanpur-madhabilata-mahavidyalaya.md,"Howrah, West Bengal",College / Affiliated Institution,University of Calcutta affiliated colleges,Kolkata and outskirts,Not assessed,
32,Uluberia College,Uluberia College,uluberia-college.md,"Howrah, West Bengal",College / Affiliated Institution,University of Calcutta affiliated colleges,Kolkata and outskirts,Not assessed,
33,Bengal Music College,Bengal Music College,bengal-music-college.md,"Kolkata, West Bengal",College / Affiliated Institution,University of Calcutta affiliated colleges,Kolkata and outskirts,Not assessed,
34,Don Bosco College,Don Bosco College,don-bosco-college.md,"Kolkata, West Bengal",College / Affiliated Institution,University of Calcutta affiliated colleges,Kolkata and outskirts,Not assessed,
35,"Government College of Arts & Crafts, Calcutta","Government College of Arts & Crafts, Calcutta",government-college-of-arts-and-crafts-calcutta.md,"Kolkata, West Bengal",College / Affiliated Institution,University of Calcutta affiliated colleges,Kolkata and outskirts,Not assessed,
36,"Government Girls General Degree College, Ekbalpur","Government Girls General Degree College, Ekbalpur",government-girls-general-degree-college-ekbalpur.md,"Kolkata, West Bengal",College / Affiliated Institution,University of Calcutta affiliated colleges,Kolkata and outskirts,Not assessed,
37,Heritage Law College,Heritage Law College,heritage-law-college.md,"Kolkata, West Bengal",College / Affiliated Institution,University of Calcutta affiliated colleges,Kolkata and outskirts,Not assessed,
38,Jogesh Chandra Chaudhuri Law College,Jogesh Chandra Chaudhuri Law College,jogesh-chandra-chaudhuri-law-college.md,"Kolkata, West Bengal",College / Affiliated Institution,University of Calcutta affiliated colleges,Kolkata and outskirts,Not assessed,
39,Kanyashree College,Kanyashree College,kanyashree-college.md,"Kolkata, West Bengal",College / Affiliated Institution,University of Calcutta affiliated colleges,Kolkata and outskirts,Not assessed,
40,Kolkata Police Law Institute (Self-Financed),Kolkata Police Law Institute (Self-Financed),kolkata-police-law-institute-self-financed.md,"Kolkata, West Bengal",College / Affiliated Institution,University of Calcutta affiliated colleges,Kolkata and outskirts,Not assessed,
41,Loreto College,"Loreto College, Kolkata",loreto-college.md,"Kolkata, West Bengal",College / Affiliated Institution,University of Calcutta affiliated colleges,Kolkata and outskirts,Not assessed,
42,Milli-AL-Ameen College (for Girls),Milli-AL-Ameen College (for Girls),milli-al-ameen-college-for-girls.md,"Kolkata, West Bengal",College / Affiliated Institution,University of Calcutta affiliated colleges,Kolkata and outskirts,Not assessed,
43,Ramakrishna Mission Blind Boys' Academy,Ramakrishna Mission Blind Boys' Academy,ramakrishna-mission-blind-boys-academy.md,"Kolkata, West Bengal",College / Affiliated Institution,University of Calcutta affiliated colleges,Kolkata and outskirts,Not assessed,
44,Seth Anandram Jaipuria College,Seth Anandram Jaipuria College,seth-anandram-jaipuria-college.md,"Kolkata, West Bengal",College / Affiliated Institution,University of Calcutta affiliated colleges,Kolkata and outskirts,Not assessed,
45,Shyambazar Law College (Self-Financed),Shyambazar Law College (Self-Financed),shyambazar-law-college-self-financed.md,"Kolkata, West Bengal",College / Affiliated Institution,University of Calcutta affiliated colleges,Kolkata and outskirts,Not assessed,
46,Sister Nibedita Government General Degree College for Girls,Sister Nibedita Government General Degree College for Girls,sister-nibedita-government-general-degree-college-for-girls.md,"Kolkata, West Bengal",College / Affiliated Institution,University of Calcutta affiliated colleges,Kolkata and outskirts,Not assessed,
47,South Calcutta Law College,South Calcutta Law College,south-calcutta-law-college.md,"Kolkata, West Bengal",College / Affiliated Institution,University of Calcutta affiliated colleges,Kolkata and outskirts,Not assessed,
48,St. Xavier's College (Autonomous),St. Xavier's College (Autonomous),st-xavier-s-college-autonomous.md,"Kolkata, West Bengal",College / Affiliated Institution,University of Calcutta affiliated colleges,Kolkata and outskirts,Not assessed,
49,State Institute of Physical Education for Women,State Institute of Physical Education for Women,state-institute-of-physical-education-for-women.md,"Kolkata, West Bengal",College / Affiliated Institution,University of Calcutta affiliated colleges,Kolkata and outskirts,Not assessed,
50,Surendranath Law College,Surendranath Law College,surendranath-law-college.md,"Kolkata, West Bengal",College / Affiliated Institution,University of Calcutta affiliated colleges,Kolkata and outskirts,Not assessed,
51,Syamaprasad College,Syamaprasad College,syamaprasad-college.md,"Kolkata, West Bengal",College / Affiliated Institution,University of Calcutta affiliated colleges,Kolkata and outskirts,Not assessed,
52,Tara Devi Harakhchand Kankaria Jain College (Self-Financed),Tara Devi Harakhchand Kankaria Jain College (Self-Financed),tara-devi-harakhchand-kankaria-jain-college-self-financed.md,"Kolkata, West Bengal",College / Affiliated Institution,University of Calcutta affiliated colleges,Kolkata and outskirts,Not assessed,
53,Vedanta College,Vedanta College,vedanta-college.md,"Kolkata, West Bengal",College / Affiliated Institution,University of Calcutta affiliated colleges,Kolkata and outskirts,Not assessed,
54,Acharya Girish Chandra Bose College,Acharya Girish Chandra Bose College,acharya-girish-chandra-bose-college.md,"Rajkumar Chakraborty Sarani, Kolkata district, West Bengal",General Degree College,Information to be updated,Kolkata and outskirts,Medium,https://www.agcbosecollege.org
55,Acharya Jagadish Chandra Bose College,Acharya Jagadish Chandra Bose College,acharya-jagadish-chandra-bose-college.md,"A.J.C. Bose Road, Kolkata district, West Bengal",General Degree College,Information to be updated,Kolkata and outskirts,Medium,https://www.ajcbosecollege.org
56,Ananda Mohan College,Ananda Mohan College,ananda-mohan-college.md,"Raja Rammohan Sarani, Kolkata district, West Bengal",General Degree College,Information to be updated,Kolkata and outskirts,Medium,https://anandamohancollege.ac.in
57,Army Institute of Management Kolkata,Army Institute of Management Kolkata (AIMK),army-institute-of-management-kolkata.md,"New Town / Rajarhat, Kolkata district, West Bengal",MBA / Management Institute,Information to be updated,Kolkata and outskirts,Medium,https://aim.ac.in
58,Asutosh College,Asutosh College,asutosh-college.md,"S.P. Mukherjee Road, Kolkata district, West Bengal",General Degree College,Information to be updated,Kolkata and outskirts,Medium,https://www.asutoshcollege.in
59,B. P. Poddar Institute of Management & Technology,B. P. Poddar Institute of Management & Technology,b-p-poddar-institute-of-management-and-technology.md,"VIP Road / Poddar Vihar, Kolkata district, West Bengal",Engineering + Management College,Information to be updated,Kolkata and outskirts,High,https://bppimt.ac.in
60,Bangabasi College,Bangabasi College,bangabasi-college.md,"R.K.C. Sarani, Kolkata district, West Bengal",General Degree College,Information to be updated,Kolkata and outskirts,Medium,https://www.bangabasi.ac.in
61,Bangabasi Evening College,Bangabasi Evening College,bangabasi-evening-college.md,"R.K.C. Sarani, Kolkata district, West Bengal",General Degree College,Information to be updated,Kolkata and outskirts,Medium,https://www.bangabasievening.edu.in
62,Bangabasi Morning College,Bangabasi Morning College,bangabasi-morning-college.md,"R.K.C. Sarani, Kolkata district, West Bengal",General Degree College,Information to be updated,Kolkata and outskirts,Medium,https://www.bangabasimorning.edu.in
63,Basanti Devi College,Basanti Devi College,basanti-devi-college.md,"Rashbehari Avenue, Kolkata district, West Bengal",General Degree College,Information to be updated,Kolkata and outskirts,Medium,https://www.basantidevicollege.edu.in
64,Bengal Institute of Business Studies,Bengal Institute of Business Studies (BIBS),bengal-institute-of-business-studies.md,"Lakeview Road, Kolkata district, West Bengal",MBA / BBA Business School,Information to be updated,Kolkata and outskirts,High,https://www.bibs.co.in
65,Bethune College,Bethune College,bethune-college.md,"Bidhan Sarani, Kolkata district, West Bengal",General Degree College,Information to be updated,Kolkata and outskirts,Medium,https://www.bethunecollege.ac.in
66,Calcutta Girls' College,Calcutta Girls' College,calcutta-girls-college.md,"Lenin Sarani, Kolkata district, West Bengal",General Degree College,Information to be updated,Kolkata and outskirts,Medium,https://calcuttagirlscollege.ac.in
67,Calcutta Institute of Engineering and Management,Calcutta Institute of Engineering and Management (CIEM),calcutta-institute-of-engineering-and-management.md,"Tollygunge / Chandi Ghosh Road, Kolkata district, West Bengal",Engineering + Management College,Information to be updated,Kolkata and outskirts,Very High,https://ciem.helplinejob.com/
68,Charuchandra College,Charuchandra College,charuchandra-college.md,"Lake Road, Kolkata district, West Bengal",General Degree College,Information to be updated,Kolkata and outskirts,Medium,https://charuchandracollege.ac.in
69,Chittaranjan College,Chittaranjan College,chittaranjan-college.md,"Beniatola Lane, Kolkata district, West Bengal",General Degree College,Information to be updated,Kolkata and outskirts,Medium,https://www.chittaranjancollege.ac.in
70,City College,City College,city-college.md,"Raja Rammohan Sarani, Kolkata district, West Bengal",General Degree College,Information to be updated,Kolkata and outskirts,Medium,https://www.citycollegekolkata.org
71,City College of Commerce & Business Administration,City College of Commerce & Business Administration,city-college-of-commerce-and-business-administration.md,"Surya Sen Street, Kolkata district, West Bengal",General Degree College,Information to be updated,Kolkata and outskirts,Medium,https://www.cccba.ac.in
72,Deshbandhu College for Girls,Deshbandhu College for Girls,deshbandhu-college-for-girls.md,"Rashbehari Avenue, Kolkata district, West Bengal",General Degree College,Information to be updated,Kolkata and outskirts,Medium,https://www.deshbandhucollegeforgirls.net
73,EIILM Kolkata,EIILM Kolkata,eiilm-kolkata.md,"Waterloo Street / Salt Lake Sector V, Kolkata district, West Bengal",MBA / BBA / BCA Institute,Information to be updated,Kolkata and outskirts,High,https://eiilm.co.in
74,Future Institute of Technology,Future Institute of Technology (FIT),future-institute-of-technology.md,"Garia / Boral, Kolkata district, West Bengal",Engineering College,Information to be updated,Kolkata and outskirts,High,https://www.futureeducation.in/fit/
75,George Group of Colleges / George College,George Group of Colleges / George College,george-group-of-colleges-george-college.md,"Sealdah / Chak Garia / Kolkata campuses, Kolkata district, West Bengal",Professional College Group,Information to be updated,Kolkata and outskirts,High,https://www.georgecollege.org
76,Goenka College of Commerce & Business Administration,Goenka College of Commerce & Business Administration,goenka-college-of-commerce-and-business-administration.md,"B.B. Ganguly Street, Kolkata district, West Bengal",General Degree College,Information to be updated,Kolkata and outskirts,Medium,https://goenkacollege.net
77,Gokhale Memorial Girls' College,Gokhale Memorial Girls' College,gokhale-memorial-girls-college.md,"Harish Mukherjee Road, Kolkata district, West Bengal",General Degree College,Information to be updated,Kolkata and outskirts,Medium,https://www.gokhalecollegekolkata.edu.in
78,"Govt. Girls' General Degree College, Ekbalpur","Govt. Girls' General Degree College, Ekbalpur",govt-girls-general-degree-college-ekbalpur.md,"Mayurbhanj Road, Kolkata district, West Bengal",General Degree College,Information to be updated,Kolkata and outskirts,Medium,https://www.gggdc.ac.in
79,Gurudas College,Gurudas College,gurudas-college.md,"Narkeldanga, Kolkata district, West Bengal",General Degree College,Information to be updated,Kolkata and outskirts,Medium,https://www.gurudascollege.edu.in
80,Heramba Chandra College,Heramba Chandra College,heramba-chandra-college.md,"Gariahat Road, Kolkata district, West Bengal",General Degree College,Information to be updated,Kolkata and outskirts,High,https://www.herambachandracollege.ac.in
81,Heritage Institute of Technology,Heritage Institute of Technology,heritage-institute-of-technology.md,"Anandapur, Kolkata district, West Bengal",Engineering College,Information to be updated,Kolkata and outskirts,High,https://www.heritageit.edu
82,Indian Institute of Social Welfare and Business Management,Indian Institute of Social Welfare and Business Management (IISWBM),indian-institute-of-social-welfare-and-business-management.md,"College Square, Kolkata district, West Bengal",MBA / Management Institute,Information to be updated,Kolkata and outskirts,High,https://www.iiswbm.edu
83,"Institute of Business Management (IBM), Jadavpur University campus","Institute of Business Management (IBM), Jadavpur University campus",institute-of-business-management-ibm-jadavpur-university-campus.md,"Jadavpur, Kolkata district, West Bengal",MBA / BBA Institute,Information to be updated,Kolkata and outskirts,Very High,https://www.ibmnce.in
84,Institute of Engineering & Management,"Institute of Engineering & Management (IEM), Kolkata",institute-of-engineering-and-management.md,"Salt Lake Sector V, Kolkata district, West Bengal",Engineering + Management College,Information to be updated,Kolkata and outskirts,High,https://iem.edu.in
85,International Management Institute (IMI) Kolkata,International Management Institute (IMI) Kolkata,international-management-institute-imi-kolkata.md,"Alipore / Judges Court Road, Kolkata district, West Bengal",PGDM / Management Institute,Information to be updated,Kolkata and outskirts,Medium,https://imik.edu.in
86,IQ City United World School of Business Kolkata,IQ City United World School of Business Kolkata,iq-city-united-world-school-of-business-kolkata.md,"Salt Lake Sector V, Kolkata district, West Bengal",BBA / MBA Business School,Information to be updated,Kolkata and outskirts,High,https://uwsbkolkata.com
87,Jadavpur University,Jadavpur University,jadavpur-university.md,"Jadavpur, Kolkata district, West Bengal",University / Engineering / Arts / Science,Autonomous,Kolkata and outskirts,Medium,https://jadavpuruniversity.in
88,Jogamaya Devi College,Jogamaya Devi College,jogamaya-devi-college.md,"S.P. Mukherjee Road, Kolkata district, West Bengal",General Degree College,Information to be updated,Kolkata and outskirts,Medium,https://jogamayadevicollege.ac.in
89,Jogesh Chandra Chaudhuri College,Jogesh Chandra Chaudhuri College,jogesh-chandra-chaudhuri-college.md,"Prince Anwar Shah Road, Kolkata district, West Bengal",General Degree College,Information to be updated,Kolkata and outskirts,Medium,https://jogeshchaudhuricollege.org
90,Karmick Institute,Karmick Institute,karmick-institute.md,"Salt Lake Sector V / Santoshpur, Kolkata district, West Bengal",IT + Digital Marketing Training Institute,Information to be updated,Kolkata and outskirts,High,https://www.karmickinstitute.com
91,Khudiram Bose Central College,Khudiram Bose Central College,khudiram-bose-central-college.md,"Bidhan Sarani, Kolkata district, West Bengal",General Degree College,Information to be updated,Kolkata and outskirts,Medium,https://www.khudirambosecentralcollege.com
92,Kidderpore College,Kidderpore College,kidderpore-college.md,"Kidderpore, Kolkata district, West Bengal",General Degree College,Information to be updated,Kolkata and outskirts,Medium,https://kidderporecollege.com
93,Kolkata Digital Marketing Institute,Kolkata Digital Marketing Institute (KDMI),kolkata-digital-marketing-institute.md,"Hazra / Salt Lake Sector V, Kolkata district, West Bengal",Digital Marketing Training Institute,Information to be updated,Kolkata and outskirts,Very High,https://kolkatadigitalmarketinginstitute.com
94,Lady Brabourne College,Lady Brabourne College,lady-brabourne-college.md,"Suhrawardy Avenue, Kolkata district, West Bengal",General Degree College,Information to be updated,Kolkata and outskirts,Medium,https://www.ladybrabourne.com
95,Loreto College,Loreto College,loreto-college-a.md,"Middleton Row, Kolkata district, West Bengal",General Degree College,Information to be updated,Kolkata and outskirts,Medium,https://www.loretocollege.in
96,Maharaja Manindra Chandra College,Maharaja Manindra Chandra College,maharaja-manindra-chandra-college.md,"Ramkanto Bose Street, Kolkata district, West Bengal",General Degree College,Information to be updated,Kolkata and outskirts,Medium,https://mmccollege.co.in
97,Maharaja Srischandra College,Maharaja Srischandra College,maharaja-srischandra-college.md,"Ramkanto Bose Street, Kolkata district, West Bengal",General Degree College,Information to be updated,Kolkata and outskirts,Medium,https://www.msccollege.org
98,Maharani Kasiswari College,Maharani Kasiswari College,maharani-kasiswari-college.md,"Ramkanto Bose Street, Kolkata district, West Bengal",General Degree College,Information to be updated,Kolkata and outskirts,Medium,https://www.mkc.ac.in
99,Maulana Azad College,Maulana Azad College,maulana-azad-college.md,"Rafi Ahmed Kidwai Road, Kolkata district, West Bengal",General Degree College,Information to be updated,Kolkata and outskirts,Medium,https://maulanaazadcollegekolkata.ac.in
100,Milli Al-Ameen College for Girls,Milli Al-Ameen College for Girls,milli-al-ameen-college-for-girls-a.md,"Beniapukur, Kolkata district, West Bengal",General Degree College,Information to be updated,Kolkata and outskirts,Medium,https://www.millialameencollege.edu.in
101,Moople Institute of Animation and Design,Moople Institute of Animation and Design,moople-institute-of-animation-and-design.md,"Topsia / Kolkata campuses, Kolkata district, West Bengal",Digital Marketing + Animation/Design Institute,Information to be updated,Kolkata and outskirts,High,https://www.moople.in
102,Muralidhar Girls' College,Muralidhar Girls' College,muralidhar-girls-college.md,"Gariahat Road, Kolkata district, West Bengal",General Degree College,Information to be updated,Kolkata and outskirts,Medium,https://muralidhargirlscollege.ac.in
103,Naba Ballygunge Mahavidyalaya,Naba Ballygunge Mahavidyalaya,naba-ballygunge-mahavidyalaya.md,"Bosepukur, Kolkata district, West Bengal",General Degree College,Information to be updated,Kolkata and outskirts,Medium,https://www.nbmahavidyalaya.in
104,Netaji Nagar College,Netaji Nagar College,netaji-nagar-college.md,"Regent Estate, Kolkata district, West Bengal",General Degree College,Information to be updated,Kolkata and outskirts,Medium,https://netajinagarcollege.ac.in
105,Netaji Nagar College for Women,Netaji Nagar College for Women,netaji-nagar-college-for-women.md,"Regent Estate, Kolkata district, West Bengal",General Degree College,Information to be updated,Kolkata and outskirts,Medium,https://www.netajinagarcollegeforwomen.in
106,Netaji Nagar Day College,Netaji Nagar Day College,netaji-nagar-day-college.md,"Regent Estate, Kolkata district, West Bengal",General Degree College,Information to be updated,Kolkata and outskirts,Medium,https://www.netajinagardaycollege.org
107,New Alipore College,New Alipore College,new-alipore-college.md,"New Alipore, Kolkata district, West Bengal",General Degree College,Information to be updated,Kolkata and outskirts,Medium,https://newaliporecollege.ac.in
108,NIHT Digital Marketing,NIHT Digital Marketing,niht-digital-marketing.md,"Bhawanipore / Ultadanga / Kolkata campuses, Kolkata district, West Bengal",Digital Marketing Training Institute,Information to be updated,Kolkata and outskirts,Very High,https://www.nihtdigitalmarketing.com
109,NSHM Knowledge Campus Kolkata,NSHM Knowledge Campus Kolkata,nshm-knowledge-campus-kolkata.md,"Behala / B.L. Saha Road, Kolkata district, West Bengal",Professional College / Management / IT / Media,Information to be updated,Kolkata and outskirts,High,https://www.nshm.com
110,Prafulla Chandra College,Prafulla Chandra College,prafulla-chandra-college.md,"Gariahat/Golpark, Kolkata district, West Bengal",General Degree College,Information to be updated,Kolkata and outskirts,Medium,https://www.prafullachandracollege.ac.in
111,Presidency University,"Presidency University, Kolkata",presidency-university.md,"College Street / New Town, Kolkata district, West Bengal",University,Autonomous,Kolkata and outskirts,Medium,https://www.presiuniv.ac.in
112,Rabindra Bharati University,Rabindra Bharati University,rabindra-bharati-university.md,"B.T. Road / Jorasanko, Kolkata district, West Bengal",University / Arts / Fine Arts,Autonomous,Kolkata and outskirts,Medium,https://rbu.ac.in
113,Rammohan College,Rammohan College,rammohan-college.md,"Raja Rammohan Sarani, Kolkata district, West Bengal",General Degree College,Information to be updated,Kolkata and outskirts,Medium,https://www.rammohancollege.ac.in
114,Rani Birla Girls' College,Rani Birla Girls' College,rani-birla-girls-college.md,"Shakespeare Sarani, Kolkata district, West Bengal",General Degree College,Information to be updated,Kolkata and outskirts,Medium,https://www.rbgc.in
115,RCC Institute of Information Technology,RCC Institute of Information Technology (RCCIIT),rcc-institute-of-information-technology.md,"Beleghata / Canal South Road, Kolkata district, West Bengal",Engineering College,Information to be updated,Kolkata and outskirts,High,https://rcciit.org
116,Savitri Girls' College,Savitri Girls' College,savitri-girls-college.md,"Muktaram Babu Street, Kolkata district, West Bengal",General Degree College,Information to be updated,Kolkata and outskirts,Medium,https://savitri-girls-college.edu.in
117,Scottish Church College,Scottish Church College,scottish-church-college.md,"Urquhart Square, Kolkata district, West Bengal",General Degree College,Information to be updated,Kolkata and outskirts,Medium,https://www.scottishchurch.ac.in
118,Seth Anandaram Jaipuria College,Seth Anandaram Jaipuria College,seth-anandaram-jaipuria-college.md,"Raja Nabakrishna Street, Kolkata district, West Bengal",General Degree College,Information to be updated,Kolkata and outskirts,Medium,https://sajaipuriacollege.ac.in
119,Seth Soorajmull Jalan Girls' College,Seth Soorajmull Jalan Girls' College,seth-soorajmull-jalan-girls-college.md,"College Street, Kolkata district, West Bengal",General Degree College,Information to be updated,Kolkata and outskirts,Medium,https://ssjalangirlscollege.org.in
120,Shri Shikshayatan College,Shri Shikshayatan College,shri-shikshayatan-college.md,"Lord Sinha Road, Kolkata district, West Bengal",General Degree College,Information to be updated,Kolkata and outskirts,Medium,https://shrishikshayatancollege.org
121,Shyamaprasad College,Shyamaprasad College,shyamaprasad-college.md,"Asutosh Mukherjee Road, Kolkata district, West Bengal",General Degree College,Information to be updated,Kolkata and outskirts,Medium,https://www.syamaprasadcollege.in
122,Sir Gurudas Mahavidyalaya,Sir Gurudas Mahavidyalaya,sir-gurudas-mahavidyalaya.md,"Ultadanga, Kolkata district, West Bengal",General Degree College,Information to be updated,Kolkata and outskirts,Medium,https://www.sirgurudasmahavidyalaya.ac.in
123,Sister Nibedita Govt. General Degree College for Girls,Sister Nibedita Govt. General Degree College for Girls,sister-nibedita-govt-general-degree-college-for-girls.md,"Hastings House, Kolkata district, West Bengal",General Degree College,Information to be updated,Kolkata and outskirts,Medium,https://www.snggdcg.ac.in
124,Sivanath Sastri College,Sivanath Sastri College,sivanath-sastri-college.md,"Gariahat/Golpark, Kolkata district, West Bengal",General Degree College,Information to be updated,Kolkata and outskirts,Medium,https://sivanathsastricollege.org
125,South Calcutta Girls' College,South Calcutta Girls' College,south-calcutta-girls-college.md,"Sarat Bose Road, Kolkata district, West Bengal",General Degree College,Information to be updated,Kolkata and outskirts,Medium,https://southcalcuttagirlscollege.com
126,St. Paul's Cathedral Mission College,St. Paul's Cathedral Mission College,st-paul-s-cathedral-mission-college.md,"Raja Rammohan Sarani, Kolkata district, West Bengal",General Degree College,Information to be updated,Kolkata and outskirts,Medium,https://stpaulscmcollege.ac.in
127,St. Thomas' College of Engineering & Technology,St. Thomas' College of Engineering & Technology,st-thomas-college-of-engineering-and-technology.md,"Kidderpore / Diamond Harbour Road, Kolkata district, West Bengal",Engineering College,Information to be updated,Kolkata and outskirts,High,https://stcet.ac.in
128,St. Xavier's College,"St. Xavier's College, Kolkata",st-xavier-s-college.md,"Park Street, Kolkata district, West Bengal",General/Professional Degree College,Information to be updated,Kolkata and outskirts,High,https://sxccal.edu
129,Surendranath College,Surendranath College,surendranath-college.md,"M.G. Road, Kolkata district, West Bengal",General Degree College,Information to be updated,Kolkata and outskirts,Medium,https://surendranathcollege.ac.in
130,Surendranath College for Women,Surendranath College for Women,surendranath-college-for-women.md,"M.G. Road, Kolkata district, West Bengal",General Degree College,Information to be updated,Kolkata and outskirts,Medium,https://www.sncwcal.ac.in
131,Surendranath Evening College,Surendranath Evening College,surendranath-evening-college.md,"M.G. Road, Kolkata district, West Bengal",General Degree College,Information to be updated,Kolkata and outskirts,Medium,https://www.snec.edu.in
132,Tara Devi Harak Chand Kankaria Jain College,Tara Devi Harak Chand Kankaria Jain College,tara-devi-harak-chand-kankaria-jain-college.md,"Cossipore, Kolkata district, West Bengal",General Degree College,Information to be updated,Kolkata and outskirts,Medium,https://www.thkjaincollege.ac.in
133,Techno India University,Techno India University,techno-india-university.md,"Salt Lake Sector V, Kolkata district, West Bengal",Private University,Autonomous,Kolkata and outskirts,High,https://www.technoindiauniversity.ac.in
134,The Bhawanipur Education Society College,The Bhawanipur Education Society College,the-bhawanipur-education-society-college.md,"Lala Lajpat Rai Sarani, Kolkata district, West Bengal",General/Professional Degree College,Information to be updated,Kolkata and outskirts,High,https://www.thebges.edu.in
135,The Heritage College,The Heritage College,the-heritage-college.md,"Anandapur, Kolkata district, West Bengal",General Degree College,Information to be updated,Kolkata and outskirts,Medium,https://www.thc.edu.in
136,Umesh Chandra College,Umesh Chandra College,umesh-chandra-college.md,"Surya Sen Street, Kolkata district, West Bengal",General Degree College,Information to be updated,Kolkata and outskirts,Medium,https://umeschandracollege.ac.in
137,University of Calcutta,University of Calcutta,university-of-calcutta.md,"College Street, Kolkata district, West Bengal",University,Autonomous,Kolkata and outskirts,Medium,https://www.caluniv.ac.in
138,Victoria Institution (College),Victoria Institution (College),victoria-institution-college.md,"A.P.C. Road, Kolkata district, West Bengal",General Degree College,Information to be updated,Kolkata and outskirts,Medium,https://www.victoriacollege.co.in
139,Vidyasagar College,Vidyasagar College,vidyasagar-college.md,"Sankar Ghosh Lane, Kolkata district, West Bengal",General Degree College,Information to be updated,Kolkata and outskirts,Medium,https://www.vidyasagarcollege.edu.in
140,Vidyasagar College for Women,Vidyasagar College for Women,vidyasagar-college-for-women.md,"Sankar Ghosh Lane, Kolkata district, West Bengal",General Degree College,Information to be updated,Kolkata and outskirts,Medium,https://vcfw.org
141,Vidyasagar Metropolitan College,Vidyasagar Metropolitan College,vidyasagar-metropolitan-college.md,"Sankar Ghosh Lane / Shibnarayan Das Lane, Kolkata district, West Bengal",General Degree College,Information to be updated,Kolkata and outskirts,Medium,https://www.vec.ac.in
142,Viharilal College of Home & Social Sciences,Viharilal College of Home & Social Sciences,viharilal-college-of-home-and-social-sciences.md,"Alipore, Kolkata district, West Bengal",University College,Autonomous,Kolkata and outskirts,Medium,https://www.caluniv.ac.in
143,Vijaygarh Jyotish Ray College,Vijaygarh Jyotish Ray College,vijaygarh-jyotish-ray-college.md,"Jadavpur, Kolkata district, West Bengal",General Degree College,Information to be updated,Kolkata and outskirts,Medium,https://www.vijaygarhjrcollege.com
144,Women's Christian College,Women's Christian College,women-s-christian-college.md,"Greek Church Row, Kolkata district, West Bengal",General Degree College,Information to be updated,Kolkata and outskirts,Medium,https://womenschristiancollege.net
145,"Women's College, Calcutta","Women's College, Calcutta",women-s-college-calcutta.md,"Khirode Vidyavinode Avenue, Kolkata district, West Bengal",General Degree College,Information to be updated,Kolkata and outskirts,Medium,https://womenscollegekolkata.ac.in
146,Aliah University,Aliah University,aliah-university.md,"New Town / Park Circus / Taltala, Kolkata district / New Town, West Bengal",University,Autonomous,Kolkata and outskirts,Medium,https://aliah.ac.in
147,IIDE - The Digital Business School,IIDE - The Digital Business School,iide-the-digital-business-school.md,"Online / India-wide; Kolkata candidates possible, Kolkata hiring source, West Bengal",Digital Marketing Training Institute,Information to be updated,Kolkata and outskirts,High,https://iide.co
148,Adamas University,Adamas University,adamas-university.md,"Barasat / Adamas Knowledge City, Kolkata, West Bengal",Private University,Autonomous,Kolkata and outskirts,High,https://adamasuniversity.ac.in
149,Bengal Institute of Technology,"Bengal Institute of Technology (BIT), Kolkata",bengal-institute-of-technology.md,"Tech Town / Bantala / Basanti Highway, Kolkata, West Bengal",Engineering College,Information to be updated,Kolkata and outskirts,Very High,https://www.bitcollege.in
150,Brainware University,Brainware University,brainware-university.md,"Barasat / Salt Lake campus, Kolkata, West Bengal",Private University,Autonomous,Kolkata and outskirts,Very High,https://www.brainwareuniversity.ac.in
151,Budge Budge Institute of Technology,Budge Budge Institute of Technology (BBIT),budge-budge-institute-of-technology.md,"Budge Budge / Nischintapur, Kolkata, West Bengal",Engineering + MBA + Polytechnic College,Information to be updated,Kolkata and outskirts,Very High,https://www.bbit.edu.in
152,Calcutta Business School,Calcutta Business School,calcutta-business-school.md,"Bishnupur / Joka metro side, Kolkata, West Bengal",PGDM / Business School,Information to be updated,Kolkata and outskirts,High,https://calcuttabusinessschool.org.in
153,Camellia Institute of Technology,Camellia Institute of Technology,camellia-institute-of-technology.md,"Madhyamgram / Badu Road, Kolkata, West Bengal",Engineering College,Information to be updated,Kolkata and outskirts,High,https://camelliait.ac.in
154,Elitte College of Engineering,Elitte College of Engineering,elitte-college-of-engineering.md,"Sodepur / Kolkata, West Bengal",Engineering College,Information to be updated,Kolkata and outskirts,Medium,https://ece.ac.in
155,Future Business School,Future Business School,future-business-school.md,"Narendrapur / Sonarpur, Kolkata, West Bengal",MBA / BBA Business School,Information to be updated,Kolkata and outskirts,High,https://futureeducation.in/fbs/
156,Future Institute of Engineering and Management,Future Institute of Engineering and Management (FIEM),future-institute-of-engineering-and-management.md,"Narendrapur / Sonarpur, Kolkata, West Bengal",Engineering + Management College,Information to be updated,Kolkata and outskirts,Very High,https://futureeducation.in/fiem/
157,Globsyn Business School,Globsyn Business School,globsyn-business-school.md,"Sector V office / Bishnupur campus, Kolkata, West Bengal",MBA / PGDM Business School,Information to be updated,Kolkata and outskirts,High,https://www.globsyn.edu.in
158,Guru Nanak Institute of Technology,Guru Nanak Institute of Technology (GNIT),guru-nanak-institute-of-technology.md,"Sodepur / Panihati, Kolkata, West Bengal",Engineering College,Information to be updated,Kolkata and outskirts,Very High,https://gnit.ac.in
159,Heritage Business School,Heritage Business School,heritage-business-school.md,"Anandapur / East Kolkata Township, Kolkata, West Bengal",MBA / Business School,Information to be updated,Kolkata and outskirts,High,https://hbs.edu.in
160,Institute of Engineering & Management,Institute of Engineering & Management (IEM),institute-of-engineering-and-management-a.md,"Salt Lake Sector V, Kolkata, West Bengal",Engineering / Management College,Information to be updated,Kolkata and outskirts,Medium,https://iem.edu.in
161,JIS University,JIS University,jis-university.md,"Agarpara, Kolkata, West Bengal",Private University,Autonomous,Kolkata and outskirts,High,https://www.jisuniversity.ac.in
162,"Maulana Abul Kalam Azad University of Technology, West Bengal","Maulana Abul Kalam Azad University of Technology, West Bengal",maulana-abul-kalam-azad-university-of-technology-west-bengal.md,"Salt Lake, Kolkata, West Bengal",Technical University,Autonomous,Kolkata and outskirts,Medium,https://makautwb.ac.in
163,Meghnad Saha Institute of Technology,Meghnad Saha Institute of Technology (MSIT),meghnad-saha-institute-of-technology.md,"Ruby / Uchhepota / Nazirabad, Kolkata, West Bengal",Engineering College,Information to be updated,Kolkata and outskirts,High,https://www.msit.edu.in
164,Netaji Subhash Engineering College,Netaji Subhash Engineering College (NSEC),netaji-subhash-engineering-college.md,"Garia / Panchpota, Kolkata, West Bengal",Engineering + Management College,Information to be updated,Kolkata and outskirts,High,https://www.nsec.ac.in
165,Praxis Business School,Praxis Business School,praxis-business-school.md,"Rasapunja / Joka side, Kolkata, West Bengal",PGDM / Business School,Information to be updated,Kolkata and outskirts,High,https://praxis.ac.in
166,Regent Education & Research Foundation Group of Institutions,Regent Education & Research Foundation Group of Institutions,regent-education-and-research-foundation-group-of-institutions.md,"Barrackpore / Sewli Telini Para, Kolkata, West Bengal",Engineering + Management Group,Information to be updated,Kolkata and outskirts,High,https://www.regent.ac.in
167,Seven Boats Academy,Seven Boats Academy,seven-boats-academy.md,"Nagerbazar / Bhowanipore / Khardah, Kolkata, West Bengal",Digital Marketing Training Institute,Information to be updated,Kolkata and outskirts,Very High,https://www.7boats.com/academy/
168,Sister Nivedita University,Sister Nivedita University,sister-nivedita-university.md,"New Town, Kolkata, West Bengal",Private University,Autonomous,Kolkata and outskirts,High,https://www.snuniv.ac.in
169,Techno Main Salt Lake,Techno Main Salt Lake,techno-main-salt-lake.md,"Salt Lake Sector V, Kolkata, West Bengal",Engineering / Management College,Information to be updated,Kolkata and outskirts,High,https://www.ticollege.ac.in
170,University of Engineering & Management,"University of Engineering & Management (UEM), Kolkata",university-of-engineering-and-management.md,"New Town / Rajarhat, Kolkata, West Bengal",Private University - Engineering and Management,Autonomous,Kolkata and outskirts,High,https://uem.edu.in/uem-kolkata/
171,MCKV Institute of Engineering,MCKV Institute of Engineering,mckv-institute-of-engineering.md,"Liluah / Howrah, Kolkata metro / Howrah, West Bengal",Engineering College,Information to be updated,Kolkata and outskirts,High,https://www.mckvie.edu.in
172,Seacom Engineering College,Seacom Engineering College,seacom-engineering-college.md,"Sankrail / Howrah, Kolkata metro / Howrah, West Bengal",Engineering + Management College,Information to be updated,Kolkata and outskirts,High,https://seacomengineering.org
173,Swami Vivekananda Institute of Science and Technology,Swami Vivekananda Institute of Science and Technology (SVIST),swami-vivekananda-institute-of-science-and-technology.md,"Dakshin Gobindapur, Sonarpur, Kolkata metro / South 24 Parganas, West Bengal",Engineering / Management / Diploma College,Information to be updated,Kolkata and outskirts,Very High,https://svist.org/
174,Rabin Mukherjee College,Rabin Mukherjee College,rabin-mukherjee-college.md,"Parnasree / Behala, Kolkata postal, West Bengal",General Degree College,Information to be updated,Kolkata and outskirts,Medium,https://rabinmukherjeecollege.ac.in
175,Prasanta Chandra Mahalanobis Mahavidyalaya,Prasanta Chandra Mahalanobis Mahavidyalaya,prasanta-chandra-mahalanobis-mahavidyalaya.md,"Bon-Hooghly / B.T. Road, Kolkata postal / North 24 Parganas border, West Bengal",General Degree College,Information to be updated,Kolkata and outskirts,Medium,https://pcmm.edu.in
176,Sarojini Naidu College for Women,Sarojini Naidu College for Women,sarojini-naidu-college-for-women.md,"Dum Dum / Jessore Road, Kolkata postal / North 24 Parganas border, West Bengal",General Degree College,Information to be updated,Kolkata and outskirts,Medium,https://www.sncwgs.ac.in
177,Behala College,Behala College,behala-college.md,"Behala, Kolkata postal / South 24 Parganas section, West Bengal",General Degree College,Information to be updated,Kolkata and outskirts,Medium,https://www.behalacollege.in
178,Dinabandhu Andrews College,Dinabandhu Andrews College,dinabandhu-andrews-college.md,"Garia, Kolkata postal / South 24 Parganas section, West Bengal",General Degree College,Information to be updated,Kolkata and outskirts,Medium,https://www.dacollege.org
179,Harimohan Ghose College,Harimohan Ghose College,harimohan-ghose-college.md,"Garden Reach, Kolkata postal / South 24 Parganas section, West Bengal",General Degree College,Information to be updated,Kolkata and outskirts,Medium,https://www.harimohanghosecollege.ac.in
180,K.K. Das College,K.K. Das College,k-k-das-college.md,"Garia / Patuli, Kolkata postal / South 24 Parganas section, West Bengal",General Degree College,Information to be updated,Kolkata and outskirts,Medium,https://kkdascollege.ac.in
181,Kishore Bharati Bhagini Nivedita College,Kishore Bharati Bhagini Nivedita College,kishore-bharati-bhagini-nivedita-college.md,"Behala, Kolkata postal / South 24 Parganas section, West Bengal",General Degree College,Information to be updated,Kolkata and outskirts,Medium,https://kbbnc.edu.in
182,Matiaburj College,Matiaburj College,matiaburj-college.md,"Garden Reach, Kolkata postal / South 24 Parganas section, West Bengal",General Degree College,Information to be updated,Kolkata and outskirts,Medium,https://matiaburjcollege.ac.in
183,Al Ameen Memorial Minority College (Self-Financed),Al Ameen Memorial Minority College (Self-Financed),al-ameen-memorial-minority-college-self-financed.md,"South 24 Parganas, West Bengal",College / Affiliated Institution,University of Calcutta affiliated colleges,Kolkata and outskirts,Not assessed,
184,Bankim Sardar College,Bankim Sardar College,bankim-sardar-college.md,"South 24 Parganas, West Bengal",College / Affiliated Institution,University of Calcutta affiliated colleges,Kolkata and outskirts,Not assessed,
185,Baruipur College,Baruipur College,baruipur-college.md,"South 24 Parganas, West Bengal",College / Affiliated Institution,University of Calcutta affiliated colleges,Kolkata and outskirts,Not assessed,
186,Bhangar Mahavidyalaya,Bhangar Mahavidyalaya,bhangar-mahavidyalaya.md,"South 24 Parganas, West Bengal",College / Affiliated Institution,University of Calcutta affiliated colleges,Kolkata and outskirts,Not assessed,
187,Bikash Bharati Law College (Self-Financed),Bikash Bharati Law College (Self-Financed),bikash-bharati-law-college-self-financed.md,"South 24 Parganas, West Bengal",College / Affiliated Institution,University of Calcutta affiliated colleges,Kolkata and outskirts,Not assessed,
188,Debendranath Mondal Institute,Debendranath Mondal Institute,debendranath-mondal-institute.md,"South 24 Parganas, West Bengal",College / Affiliated Institution,University of Calcutta affiliated colleges,Kolkata and outskirts,Not assessed,
189,Dhola Mahavidyalaya,Dhola Mahavidyalaya,dhola-mahavidyalaya.md,"South 24 Parganas, West Bengal",College / Affiliated Institution,University of Calcutta affiliated colleges,Kolkata and outskirts,Not assessed,
190,Dhrubachand Halder College,Dhrubachand Halder College,dhrubachand-halder-college.md,"South 24 Parganas, West Bengal",College / Affiliated Institution,University of Calcutta affiliated colleges,Kolkata and outskirts,Not assessed,
191,Fakir Chand College,Fakir Chand College,fakir-chand-college.md,"South 24 Parganas, West Bengal",College / Affiliated Institution,University of Calcutta affiliated colleges,Kolkata and outskirts,Not assessed,
192,Gour Mohan Sachin Mandal Mahavidyalaya,Gour Mohan Sachin Mandal Mahavidyalaya,gour-mohan-sachin-mandal-mahavidyalaya.md,"South 24 Parganas, West Bengal",College / Affiliated Institution,University of Calcutta affiliated colleges,Kolkata and outskirts,Not assessed,
193,Jibantala Rokeya Mahavidyalaya,Jibantala Rokeya Mahavidyalaya,jibantala-rokeya-mahavidyalaya.md,"South 24 Parganas, West Bengal",College / Affiliated Institution,University of Calcutta affiliated colleges,Kolkata and outskirts,Not assessed,
194,Jyotirmoy School of Law (Self-Financed),Jyotirmoy School of Law (Self-Financed),jyotirmoy-school-of-law-self-financed.md,"South 24 Parganas, West Bengal",College / Affiliated Institution,University of Calcutta affiliated colleges,Kolkata and outskirts,Not assessed,
195,Kultali Dr. B. R. Ambedkar College,Kultali Dr. B. R. Ambedkar College,kultali-dr-b-r-ambedkar-college.md,"South 24 Parganas, West Bengal",College / Affiliated Institution,University of Calcutta affiliated colleges,Kolkata and outskirts,Not assessed,
196,L.J.D. College - Falta,L.J.D. College - Falta,l-j-d-college-falta.md,"South 24 Parganas, West Bengal",College / Affiliated Institution,University of Calcutta affiliated colleges,Kolkata and outskirts,Not assessed,
197,L.J.D. Law College - Falta (Self-Financed),L.J.D. Law College - Falta (Self-Financed),l-j-d-law-college-falta-self-financed.md,"South 24 Parganas, West Bengal",College / Affiliated Institution,University of Calcutta affiliated colleges,Kolkata and outskirts,Not assessed,
198,Magrahat College,Magrahat College,magrahat-college.md,"South 24 Parganas, West Bengal",College / Affiliated Institution,University of Calcutta affiliated colleges,Kolkata and outskirts,Not assessed,
199,Metiaburj College,Metiaburj College,metiaburj-college.md,"South 24 Parganas, West Bengal",College / Affiliated Institution,University of Calcutta affiliated colleges,Kolkata and outskirts,Not assessed,
200,Panchur College,Panchur College,panchur-college.md,"South 24 Parganas, West Bengal",College / Affiliated Institution,University of Calcutta affiliated colleges,Kolkata and outskirts,Not assessed,
201,Patharpratima Mahavidyalaya,Patharpratima Mahavidyalaya,patharpratima-mahavidyalaya.md,"South 24 Parganas, West Bengal",College / Affiliated Institution,University of Calcutta affiliated colleges,Kolkata and outskirts,Not assessed,
202,Rabindra Shiksha Sammilani Law College (Self-Financed),Rabindra Shiksha Sammilani Law College (Self-Financed),rabindra-shiksha-sammilani-law-college-self-financed.md,"South 24 Parganas, West Bengal",College / Affiliated Institution,University of Calcutta affiliated colleges,Kolkata and outskirts,Not assessed,
203,Raidighi College,Raidighi College,raidighi-college.md,"South 24 Parganas, West Bengal",College / Affiliated Institution,University of Calcutta affiliated colleges,Kolkata and outskirts,Not assessed,
204,Ramakrishna Mission Residential College,Ramakrishna Mission Residential College,ramakrishna-mission-residential-college.md,"South 24 Parganas, West Bengal",College / Affiliated Institution,University of Calcutta affiliated colleges,Kolkata and outskirts,Not assessed,
205,Sadhan Chandra Mahavidyalaya,Sadhan Chandra Mahavidyalaya,sadhan-chandra-mahavidyalaya.md,"South 24 Parganas, West Bengal",College / Affiliated Institution,University of Calcutta affiliated colleges,Kolkata and outskirts,Not assessed,
206,Sagar Mahavidyalaya,Sagar Mahavidyalaya,sagar-mahavidyalaya.md,"South 24 Parganas, West Bengal",College / Affiliated Institution,University of Calcutta affiliated colleges,Kolkata and outskirts,Not assessed,
207,Saheed Anurup Chandra Mahavidyalaya,Saheed Anurup Chandra Mahavidyalaya,saheed-anurup-chandra-mahavidyalaya.md,"South 24 Parganas, West Bengal",College / Affiliated Institution,University of Calcutta affiliated colleges,Kolkata and outskirts,Not assessed,
208,Sammilani Mahavidyalaya,Sammilani Mahavidyalaya,sammilani-mahavidyalaya.md,"South 24 Parganas, West Bengal",College / Affiliated Institution,University of Calcutta affiliated colleges,Kolkata and outskirts,Not assessed,
209,Sarsuna College,Sarsuna College,sarsuna-college.md,"South 24 Parganas, West Bengal",College / Affiliated Institution,University of Calcutta affiliated colleges,Kolkata and outskirts,Not assessed,
210,Shirakole Mahavidyalaya,Shirakole Mahavidyalaya,shirakole-mahavidyalaya.md,"South 24 Parganas, West Bengal",College / Affiliated Institution,University of Calcutta affiliated colleges,Kolkata and outskirts,Not assessed,
211,Shishuram Das College,Shishuram Das College,shishuram-das-college.md,"South 24 Parganas, West Bengal",College / Affiliated Institution,University of Calcutta affiliated colleges,Kolkata and outskirts,Not assessed,
212,Sibani Mandal Mahavidyalaya,Sibani Mandal Mahavidyalaya,sibani-mandal-mahavidyalaya.md,"South 24 Parganas, West Bengal",College / Affiliated Institution,University of Calcutta affiliated colleges,Kolkata and outskirts,Not assessed,
213,Sonarpur Mahavidyalaya,Sonarpur Mahavidyalaya,sonarpur-mahavidyalaya.md,"South 24 Parganas, West Bengal",College / Affiliated Institution,University of Calcutta affiliated colleges,Kolkata and outskirts,Not assessed,
214,Sukanta College,Sukanta College,sukanta-college.md,"South 24 Parganas, West Bengal",College / Affiliated Institution,University of Calcutta affiliated colleges,Kolkata and outskirts,Not assessed,
215,Sundarban Hazi Desarat College,Sundarban Hazi Desarat College,sundarban-hazi-desarat-college.md,"South 24 Parganas, West Bengal",College / Affiliated Institution,University of Calcutta affiliated colleges,Kolkata and outskirts,Not assessed,
216,Sundarban Mahavidyalaya,Sundarban Mahavidyalaya,sundarban-mahavidyalaya.md,"South 24 Parganas, West Bengal",College / Affiliated Institution,University of Calcutta affiliated colleges,Kolkata and outskirts,Not assessed,
217,Sushil Kar College,Sushil Kar College,sushil-kar-college.md,"South 24 Parganas, West Bengal",College / Affiliated Institution,University of Calcutta affiliated colleges,Kolkata and outskirts,Not assessed,
218,Vidyanagar College,Vidyanagar College,vidyanagar-college.md,"South 24 Parganas, West Bengal",College / Affiliated Institution,University of Calcutta affiliated colleges,Kolkata and outskirts,Not assessed,
219,Vivekananda College,Vivekananda College,vivekananda-college.md,"South 24 Parganas, West Bengal",College / Affiliated Institution,University of Calcutta affiliated colleges,Kolkata and outskirts,Not assessed,
220,Vivekananda College for Women,Vivekananda College for Women,vivekananda-college-for-women.md,"South 24 Parganas, West Bengal",College / Affiliated Institution,University of Calcutta affiliated colleges,Kolkata and outskirts,Not assessed,
221,Akui Kamalabala Women's College,Akui Kamalabala Women's College,akui-kamalabala-women-s-college.md,"Bankura University / Bankura region, West Bengal",College / Affiliated Institution,Bankura University / Bankura region,Rest of West Bengal,Not assessed,
222,Bankura Christian College,Bankura Christian College,bankura-christian-college.md,"Bankura University / Bankura region, West Bengal",College / Affiliated Institution,Bankura University / Bankura region,Rest of West Bengal,Not assessed,
223,Bankura Sammilani College,Bankura Sammilani College,bankura-sammilani-college.md,"Bankura University / Bankura region, West Bengal",College / Affiliated Institution,Bankura University / Bankura region,Rest of West Bengal,Not assessed,
224,Bankura Zilla Saradamani Mahila Mahavidyapith,Bankura Zilla Saradamani Mahila Mahavidyapith,bankura-zilla-saradamani-mahila-mahavidyapith.md,"Bankura University / Bankura region, West Bengal",College / Affiliated Institution,Bankura University / Bankura region,Rest of West Bengal,Not assessed,
225,Barjora College,Barjora College,barjora-college.md,"Bankura University / Bankura region, West Bengal",College / Affiliated Institution,Bankura University / Bankura region,Rest of West Bengal,Not assessed,
226,Birsha Munda Memorial College,Birsha Munda Memorial College,birsha-munda-memorial-college.md,"Bankura University / Bankura region, West Bengal",College / Affiliated Institution,Bankura University / Bankura region,Rest of West Bengal,Not assessed,
227,Chatra Ramai Pandit Mahavidyalaya,Chatra Ramai Pandit Mahavidyalaya,chatra-ramai-pandit-mahavidyalaya.md,"Bankura University / Bankura region, West Bengal",College / Affiliated Institution,Bankura University / Bankura region,Rest of West Bengal,Not assessed,
228,Chhatna Chandidas Mahavidyalaya,Chhatna Chandidas Mahavidyalaya,chhatna-chandidas-mahavidyalaya.md,"Bankura University / Bankura region, West Bengal",College / Affiliated Institution,Bankura University / Bankura region,Rest of West Bengal,Not assessed,
229,Gobindaprasad Mahavidyalaya,Gobindaprasad Mahavidyalaya,gobindaprasad-mahavidyalaya.md,"Bankura University / Bankura region, West Bengal",College / Affiliated Institution,Bankura University / Bankura region,Rest of West Bengal,Not assessed,
230,"Government General Degree College, Ranibandh","Government General Degree College, Ranibandh",government-general-degree-college-ranibandh.md,"Bankura University / Bankura region, West Bengal",College / Affiliated Institution,Bankura University / Bankura region,Rest of West Bengal,Not assessed,
231,Indas Mahavidyalaya,Indas Mahavidyalaya,indas-mahavidyalaya.md,"Bankura University / Bankura region, West Bengal",College / Affiliated Institution,Bankura University / Bankura region,Rest of West Bengal,Not assessed,
232,Jamini Roy College,Jamini Roy College,jamini-roy-college.md,"Bankura University / Bankura region, West Bengal",College / Affiliated Institution,Bankura University / Bankura region,Rest of West Bengal,Not assessed,
233,Kabi Jagadram Roy Government General Degree College,Kabi Jagadram Roy Government General Degree College,kabi-jagadram-roy-government-general-degree-college.md,"Bankura University / Bankura region, West Bengal",College / Affiliated Institution,Bankura University / Bankura region,Rest of West Bengal,Not assessed,
234,Khatra Adibasi Mahavidyalaya,Khatra Adibasi Mahavidyalaya,khatra-adibasi-mahavidyalaya.md,"Bankura University / Bankura region, West Bengal",College / Affiliated Institution,Bankura University / Bankura region,Rest of West Bengal,Not assessed,
235,Onda Thana Mahavidyalaya,Onda Thana Mahavidyalaya,onda-thana-mahavidyalaya.md,"Bankura University / Bankura region, West Bengal",College / Affiliated Institution,Bankura University / Bankura region,Rest of West Bengal,Not assessed,
236,Panchmura Mahavidyalaya,Panchmura Mahavidyalaya,panchmura-mahavidyalaya.md,"Bankura University / Bankura region, West Bengal",College / Affiliated Institution,Bankura University / Bankura region,Rest of West Bengal,Not assessed,
237,Pandit Raghunath Murmu Smriti Mahavidyalaya,Pandit Raghunath Murmu Smriti Mahavidyalaya,pandit-raghunath-murmu-smriti-mahavidyalaya.md,"Bankura University / Bankura region, West Bengal",College / Affiliated Institution,Bankura University / Bankura region,Rest of West Bengal,Not assessed,
238,Patrasayer Mahavidyalaya,Patrasayer Mahavidyalaya,patrasayer-mahavidyalaya.md,"Bankura University / Bankura region, West Bengal",College / Affiliated Institution,Bankura University / Bankura region,Rest of West Bengal,Not assessed,
239,Raipur Block Mahavidyalaya,Raipur Block Mahavidyalaya,raipur-block-mahavidyalaya.md,"Bankura University / Bankura region, West Bengal",College / Affiliated Institution,Bankura University / Bankura region,Rest of West Bengal,Not assessed,
240,Ramananda College,Ramananda College,ramananda-college.md,"Bankura University / Bankura region, West Bengal",College / Affiliated Institution,Bankura University / Bankura region,Rest of West Bengal,Not assessed,
241,Saldiha College,Saldiha College,saldiha-college.md,"Bankura University / Bankura region, West Bengal",College / Affiliated Institution,Bankura University / Bankura region,Rest of West Bengal,Not assessed,
242,Saltora Netaji Centenary College,Saltora Netaji Centenary College,saltora-netaji-centenary-college.md,"Bankura University / Bankura region, West Bengal",College / Affiliated Institution,Bankura University / Bankura region,Rest of West Bengal,Not assessed,
243,Sonamukhi College,Sonamukhi College,sonamukhi-college.md,"Bankura University / Bankura region, West Bengal",College / Affiliated Institution,Bankura University / Bankura region,Rest of West Bengal,Not assessed,
244,Swami Dhananjoy Das Kathiababa Mahavidyalaya,Swami Dhananjoy Das Kathiababa Mahavidyalaya,swami-dhananjoy-das-kathiababa-mahavidyalaya.md,"Bankura University / Bankura region, West Bengal",College / Affiliated Institution,Bankura University / Bankura region,Rest of West Bengal,Not assessed,
245,Acharya Brojendra Nath Seal College,Acharya Brojendra Nath Seal College,acharya-brojendra-nath-seal-college.md,"Cooch Behar Panchanan Barma University / Cooch Behar region, West Bengal",College / Affiliated Institution,Cooch Behar Panchanan Barma University / Cooch Behar region,Rest of West Bengal,Not assessed,
246,Bakshirhat Mahavidyalaya,Bakshirhat Mahavidyalaya,bakshirhat-mahavidyalaya.md,"Cooch Behar Panchanan Barma University / Cooch Behar region, West Bengal",College / Affiliated Institution,Cooch Behar Panchanan Barma University / Cooch Behar region,Rest of West Bengal,Not assessed,
247,Baneswar Sarathibala Mahavidyalaya,Baneswar Sarathibala Mahavidyalaya,baneswar-sarathibala-mahavidyalaya.md,"Cooch Behar Panchanan Barma University / Cooch Behar region, West Bengal",College / Affiliated Institution,Cooch Behar Panchanan Barma University / Cooch Behar region,Rest of West Bengal,Not assessed,
248,Cooch Behar College,Cooch Behar College,cooch-behar-college.md,"Cooch Behar Panchanan Barma University / Cooch Behar region, West Bengal",College / Affiliated Institution,Cooch Behar Panchanan Barma University / Cooch Behar region,Rest of West Bengal,Not assessed,
249,Dewanhat Mahavidyalaya,Dewanhat Mahavidyalaya,dewanhat-mahavidyalaya.md,"Cooch Behar Panchanan Barma University / Cooch Behar region, West Bengal",College / Affiliated Institution,Cooch Behar Panchanan Barma University / Cooch Behar region,Rest of West Bengal,Not assessed,
250,Dinhata College,Dinhata College,dinhata-college.md,"Cooch Behar Panchanan Barma University / Cooch Behar region, West Bengal",College / Affiliated Institution,Cooch Behar Panchanan Barma University / Cooch Behar region,Rest of West Bengal,Not assessed,
251,Ghoksadanga Birendranath Mahavidyalaya,Ghoksadanga Birendranath Mahavidyalaya,ghoksadanga-birendranath-mahavidyalaya.md,"Cooch Behar Panchanan Barma University / Cooch Behar region, West Bengal",College / Affiliated Institution,Cooch Behar Panchanan Barma University / Cooch Behar region,Rest of West Bengal,Not assessed,
252,Government College of Physical Education for Women,Government College of Physical Education for Women,government-college-of-physical-education-for-women.md,"Cooch Behar Panchanan Barma University / Cooch Behar region, West Bengal",College / Affiliated Institution,Cooch Behar Panchanan Barma University / Cooch Behar region,Rest of West Bengal,Not assessed,
253,Madhusudan Hore Mahavidyalaya,Madhusudan Hore Mahavidyalaya,madhusudan-hore-mahavidyalaya.md,"Cooch Behar Panchanan Barma University / Cooch Behar region, West Bengal",College / Affiliated Institution,Cooch Behar Panchanan Barma University / Cooch Behar region,Rest of West Bengal,Not assessed,
254,Mathabhanga College,Mathabhanga College,mathabhanga-college.md,"Cooch Behar Panchanan Barma University / Cooch Behar region, West Bengal",College / Affiliated Institution,Cooch Behar Panchanan Barma University / Cooch Behar region,Rest of West Bengal,Not assessed,
255,Mekliganj College,Mekliganj College,mekliganj-college.md,"Cooch Behar Panchanan Barma University / Cooch Behar region, West Bengal",College / Affiliated Institution,Cooch Behar Panchanan Barma University / Cooch Behar region,Rest of West Bengal,Not assessed,
256,Netaji Subhas Mahavidyalaya,Netaji Subhas Mahavidyalaya,netaji-subhas-mahavidyalaya.md,"Cooch Behar Panchanan Barma University / Cooch Behar region, West Bengal",College / Affiliated Institution,Cooch Behar Panchanan Barma University / Cooch Behar region,Rest of West Bengal,Not assessed,
257,Sitalkuchi College,Sitalkuchi College,sitalkuchi-college.md,"Cooch Behar Panchanan Barma University / Cooch Behar region, West Bengal",College / Affiliated Institution,Cooch Behar Panchanan Barma University / Cooch Behar region,Rest of West Bengal,Not assessed,
258,Thakur Panchanan Mahila Mahavidyalaya,Thakur Panchanan Mahila Mahavidyalaya,thakur-panchanan-mahila-mahavidyalaya.md,"Cooch Behar Panchanan Barma University / Cooch Behar region, West Bengal",College / Affiliated Institution,Cooch Behar Panchanan Barma University / Cooch Behar region,Rest of West Bengal,Not assessed,
259,Tufanganj Mahavidyalaya,Tufanganj Mahavidyalaya,tufanganj-mahavidyalaya.md,"Cooch Behar Panchanan Barma University / Cooch Behar region, West Bengal",College / Affiliated Institution,Cooch Behar Panchanan Barma University / Cooch Behar region,Rest of West Bengal,Not assessed,
260,Asansol Girls' College,Asansol Girls' College,asansol-girls-college.md,"Kazi Nazrul University / Paschim Bardhaman-Asansol-Durgapur region, West Bengal",College / Affiliated Institution,Kazi Nazrul University / Paschim Bardhaman-Asansol-Durgapur region,Rest of West Bengal,Not assessed,
261,Banwarilal Bhalotia College,Banwarilal Bhalotia College,banwarilal-bhalotia-college.md,"Kazi Nazrul University / Paschim Bardhaman-Asansol-Durgapur region, West Bengal",College / Affiliated Institution,Kazi Nazrul University / Paschim Bardhaman-Asansol-Durgapur region,Rest of West Bengal,Not assessed,
262,"Bidhan Chandra College, Asansol","Bidhan Chandra College, Asansol",bidhan-chandra-college-asansol.md,"Kazi Nazrul University / Paschim Bardhaman-Asansol-Durgapur region, West Bengal",College / Affiliated Institution,Kazi Nazrul University / Paschim Bardhaman-Asansol-Durgapur region,Rest of West Bengal,Not assessed,
263,Durgapur College of Commerce and Science,Durgapur College of Commerce and Science,durgapur-college-of-commerce-and-science.md,"Kazi Nazrul University / Paschim Bardhaman-Asansol-Durgapur region, West Bengal",College / Affiliated Institution,Kazi Nazrul University / Paschim Bardhaman-Asansol-Durgapur region,Rest of West Bengal,Not assessed,
264,Durgapur Government College,Durgapur Government College,durgapur-government-college.md,"Kazi Nazrul University / Paschim Bardhaman-Asansol-Durgapur region, West Bengal",College / Affiliated Institution,Kazi Nazrul University / Paschim Bardhaman-Asansol-Durgapur region,Rest of West Bengal,Not assessed,
265,Durgapur Women's College,Durgapur Women's College,durgapur-women-s-college.md,"Kazi Nazrul University / Paschim Bardhaman-Asansol-Durgapur region, West Bengal",College / Affiliated Institution,Kazi Nazrul University / Paschim Bardhaman-Asansol-Durgapur region,Rest of West Bengal,Not assessed,
266,Kazi Nazrul Islam Mahavidyalaya,Kazi Nazrul Islam Mahavidyalaya,kazi-nazrul-islam-mahavidyalaya.md,"Kazi Nazrul University / Paschim Bardhaman-Asansol-Durgapur region, West Bengal",College / Affiliated Institution,Kazi Nazrul University / Paschim Bardhaman-Asansol-Durgapur region,Rest of West Bengal,Not assessed,
267,Khandra College,Khandra College,khandra-college.md,"Kazi Nazrul University / Paschim Bardhaman-Asansol-Durgapur region, West Bengal",College / Affiliated Institution,Kazi Nazrul University / Paschim Bardhaman-Asansol-Durgapur region,Rest of West Bengal,Not assessed,
268,Kulti College,Kulti College,kulti-college.md,"Kazi Nazrul University / Paschim Bardhaman-Asansol-Durgapur region, West Bengal",College / Affiliated Institution,Kazi Nazrul University / Paschim Bardhaman-Asansol-Durgapur region,Rest of West Bengal,Not assessed,
269,Michael Madhusudan Memorial College,Michael Madhusudan Memorial College,michael-madhusudan-memorial-college.md,"Kazi Nazrul University / Paschim Bardhaman-Asansol-Durgapur region, West Bengal",College / Affiliated Institution,Kazi Nazrul University / Paschim Bardhaman-Asansol-Durgapur region,Rest of West Bengal,Not assessed,
270,Pandaveswar College,Pandaveswar College,pandaveswar-college.md,"Kazi Nazrul University / Paschim Bardhaman-Asansol-Durgapur region, West Bengal",College / Affiliated Institution,Kazi Nazrul University / Paschim Bardhaman-Asansol-Durgapur region,Rest of West Bengal,Not assessed,
271,Raniganj Girls' College,Raniganj Girls' College,raniganj-girls-college.md,"Kazi Nazrul University / Paschim Bardhaman-Asansol-Durgapur region, West Bengal",College / Affiliated Institution,Kazi Nazrul University / Paschim Bardhaman-Asansol-Durgapur region,Rest of West Bengal,Not assessed,
272,"St. Xavier's College, Asansol","St. Xavier's College, Asansol",st-xavier-s-college-asansol.md,"Kazi Nazrul University / Paschim Bardhaman-Asansol-Durgapur region, West Bengal",College / Affiliated Institution,Kazi Nazrul University / Paschim Bardhaman-Asansol-Durgapur region,Rest of West Bengal,Not assessed,
273,Triveni Devi Bhalotia College,Triveni Devi Bhalotia College,triveni-devi-bhalotia-college.md,"Kazi Nazrul University / Paschim Bardhaman-Asansol-Durgapur region, West Bengal",College / Affiliated Institution,Kazi Nazrul University / Paschim Bardhaman-Asansol-Durgapur region,Rest of West Bengal,Not assessed,
274,Achhruram Memorial College,Achhruram Memorial College,achhruram-memorial-college.md,"Sidho-Kanho-Birsha University / Purulia region, West Bengal",College / Affiliated Institution,Sidho-Kanho-Birsha University / Purulia region,Rest of West Bengal,Not assessed,
275,Ananda Marga College,Ananda Marga College,ananda-marga-college.md,"Sidho-Kanho-Birsha University / Purulia region, West Bengal",College / Affiliated Institution,Sidho-Kanho-Birsha University / Purulia region,Rest of West Bengal,Not assessed,
276,Arsha College,Arsha College,arsha-college.md,"Sidho-Kanho-Birsha University / Purulia region, West Bengal",College / Affiliated Institution,Sidho-Kanho-Birsha University / Purulia region,Rest of West Bengal,Not assessed,
277,Balarampur College,Balarampur College,balarampur-college.md,"Sidho-Kanho-Birsha University / Purulia region, West Bengal",College / Affiliated Institution,Sidho-Kanho-Birsha University / Purulia region,Rest of West Bengal,Not assessed,
278,Bandwan Mahavidyalaya,Bandwan Mahavidyalaya,bandwan-mahavidyalaya.md,"Sidho-Kanho-Birsha University / Purulia region, West Bengal",College / Affiliated Institution,Sidho-Kanho-Birsha University / Purulia region,Rest of West Bengal,Not assessed,
279,Barabazar Bikram Tudu Memorial College,Barabazar Bikram Tudu Memorial College,barabazar-bikram-tudu-memorial-college.md,"Sidho-Kanho-Birsha University / Purulia region, West Bengal",College / Affiliated Institution,Sidho-Kanho-Birsha University / Purulia region,Rest of West Bengal,Not assessed,
280,Bikramjit Goswami Memorial College,Bikramjit Goswami Memorial College,bikramjit-goswami-memorial-college.md,"Sidho-Kanho-Birsha University / Purulia region, West Bengal",College / Affiliated Institution,Sidho-Kanho-Birsha University / Purulia region,Rest of West Bengal,Not assessed,
281,Chitta Mahato Memorial College,Chitta Mahato Memorial College,chitta-mahato-memorial-college.md,"Sidho-Kanho-Birsha University / Purulia region, West Bengal",College / Affiliated Institution,Sidho-Kanho-Birsha University / Purulia region,Rest of West Bengal,Not assessed,
282,"Government General Degree College, Manbazar II","Government General Degree College, Manbazar II",government-general-degree-college-manbazar-ii.md,"Sidho-Kanho-Birsha University / Purulia region, West Bengal",College / Affiliated Institution,Sidho-Kanho-Birsha University / Purulia region,Rest of West Bengal,Not assessed,
283,J. K. College,J. K. College,j-k-college.md,"Sidho-Kanho-Birsha University / Purulia region, West Bengal",College / Affiliated Institution,Sidho-Kanho-Birsha University / Purulia region,Rest of West Bengal,Not assessed,
284,Kashipur Michael Madhusudhan Mahavidyalaya,Kashipur Michael Madhusudhan Mahavidyalaya,kashipur-michael-madhusudhan-mahavidyalaya.md,"Sidho-Kanho-Birsha University / Purulia region, West Bengal",College / Affiliated Institution,Sidho-Kanho-Birsha University / Purulia region,Rest of West Bengal,Not assessed,
285,Kotshila Mahavidyalaya,Kotshila Mahavidyalaya,kotshila-mahavidyalaya.md,"Sidho-Kanho-Birsha University / Purulia region, West Bengal",College / Affiliated Institution,Sidho-Kanho-Birsha University / Purulia region,Rest of West Bengal,Not assessed,
286,"Mahatma Gandhi College, Purulia","Mahatma Gandhi College, Purulia",mahatma-gandhi-college-purulia.md,"Sidho-Kanho-Birsha University / Purulia region, West Bengal",College / Affiliated Institution,Sidho-Kanho-Birsha University / Purulia region,Rest of West Bengal,Not assessed,
287,Manbhum Mahavidyalaya,Manbhum Mahavidyalaya,manbhum-mahavidyalaya.md,"Sidho-Kanho-Birsha University / Purulia region, West Bengal",College / Affiliated Institution,Sidho-Kanho-Birsha University / Purulia region,Rest of West Bengal,Not assessed,
288,Netaji Subhash Ashram Mahavidyalaya,Netaji Subhash Ashram Mahavidyalaya,netaji-subhash-ashram-mahavidyalaya.md,"Sidho-Kanho-Birsha University / Purulia region, West Bengal",College / Affiliated Institution,Sidho-Kanho-Birsha University / Purulia region,Rest of West Bengal,Not assessed,
289,Nistarini Women's College,Nistarini Women's College,nistarini-women-s-college.md,"Sidho-Kanho-Birsha University / Purulia region, West Bengal",College / Affiliated Institution,Sidho-Kanho-Birsha University / Purulia region,Rest of West Bengal,Not assessed,
290,Panchakot Mahavidyalaya,Panchakot Mahavidyalaya,panchakot-mahavidyalaya.md,"Sidho-Kanho-Birsha University / Purulia region, West Bengal",College / Affiliated Institution,Sidho-Kanho-Birsha University / Purulia region,Rest of West Bengal,Not assessed,
291,Raghunathpur College,Raghunathpur College,raghunathpur-college.md,"Sidho-Kanho-Birsha University / Purulia region, West Bengal",College / Affiliated Institution,Sidho-Kanho-Birsha University / Purulia region,Rest of West Bengal,Not assessed,
292,Ramananda Centenary College,Ramananda Centenary College,ramananda-centenary-college.md,"Sidho-Kanho-Birsha University / Purulia region, West Bengal",College / Affiliated Institution,Sidho-Kanho-Birsha University / Purulia region,Rest of West Bengal,Not assessed,
293,Santaldih College,Santaldih College,santaldih-college.md,"Sidho-Kanho-Birsha University / Purulia region, West Bengal",College / Affiliated Institution,Sidho-Kanho-Birsha University / Purulia region,Rest of West Bengal,Not assessed,
294,Sitaram Mahato Memorial College,Sitaram Mahato Memorial College,sitaram-mahato-memorial-college.md,"Sidho-Kanho-Birsha University / Purulia region, West Bengal",College / Affiliated Institution,Sidho-Kanho-Birsha University / Purulia region,Rest of West Bengal,Not assessed,
295,Abhedananda Mahavidyalaya,Abhedananda Mahavidyalaya,abhedananda-mahavidyalaya.md,"University of Burdwan / Bardhaman-Birbhum-Hooghly region, West Bengal",College / Affiliated Institution,University of Burdwan / Bardhaman-Birbhum-Hooghly region,Rest of West Bengal,Not assessed,
296,Acharya Sukumar Sen Mahavidyalaya,Acharya Sukumar Sen Mahavidyalaya,acharya-sukumar-sen-mahavidyalaya.md,"University of Burdwan / Bardhaman-Birbhum-Hooghly region, West Bengal",College / Affiliated Institution,University of Burdwan / Bardhaman-Birbhum-Hooghly region,Rest of West Bengal,Not assessed,
297,Aghorekamini Prakashchandra Mahavidyalaya,Aghorekamini Prakashchandra Mahavidyalaya,aghorekamini-prakashchandra-mahavidyalaya.md,"University of Burdwan / Bardhaman-Birbhum-Hooghly region, West Bengal",College / Affiliated Institution,University of Burdwan / Bardhaman-Birbhum-Hooghly region,Rest of West Bengal,Not assessed,
298,Arambagh Girls' College,Arambagh Girls' College,arambagh-girls-college.md,"University of Burdwan / Bardhaman-Birbhum-Hooghly region, West Bengal",College / Affiliated Institution,University of Burdwan / Bardhaman-Birbhum-Hooghly region,Rest of West Bengal,Not assessed,
299,Balagarh Bijoy Krishna Mahavidyalaya,Balagarh Bijoy Krishna Mahavidyalaya,balagarh-bijoy-krishna-mahavidyalaya.md,"University of Burdwan / Bardhaman-Birbhum-Hooghly region, West Bengal",College / Affiliated Institution,University of Burdwan / Bardhaman-Birbhum-Hooghly region,Rest of West Bengal,Not assessed,
300,Bejoy Narayan Mahavidyalaya,Bejoy Narayan Mahavidyalaya,bejoy-narayan-mahavidyalaya.md,"University of Burdwan / Bardhaman-Birbhum-Hooghly region, West Bengal",College / Affiliated Institution,University of Burdwan / Bardhaman-Birbhum-Hooghly region,Rest of West Bengal,Not assessed,
301,Bengal Law College,Bengal Law College,bengal-law-college.md,"University of Burdwan / Bardhaman-Birbhum-Hooghly region, West Bengal",College / Affiliated Institution,University of Burdwan / Bardhaman-Birbhum-Hooghly region,Rest of West Bengal,Not assessed,
302,Birbhum Mahavidyalaya,Birbhum Mahavidyalaya,birbhum-mahavidyalaya.md,"University of Burdwan / Bardhaman-Birbhum-Hooghly region, West Bengal",College / Affiliated Institution,University of Burdwan / Bardhaman-Birbhum-Hooghly region,Rest of West Bengal,Not assessed,
303,Bolpur College,Bolpur College,bolpur-college.md,"University of Burdwan / Bardhaman-Birbhum-Hooghly region, West Bengal",College / Affiliated Institution,University of Burdwan / Bardhaman-Birbhum-Hooghly region,Rest of West Bengal,Not assessed,
304,Burdwan Raj College,Burdwan Raj College,burdwan-raj-college.md,"University of Burdwan / Bardhaman-Birbhum-Hooghly region, West Bengal",College / Affiliated Institution,University of Burdwan / Bardhaman-Birbhum-Hooghly region,Rest of West Bengal,Not assessed,
305,Chandernagore Government College,Chandernagore Government College,chandernagore-government-college.md,"University of Burdwan / Bardhaman-Birbhum-Hooghly region, West Bengal",College / Affiliated Institution,University of Burdwan / Bardhaman-Birbhum-Hooghly region,Rest of West Bengal,Not assessed,
306,Chandidas Mahavidyalaya,Chandidas Mahavidyalaya,chandidas-mahavidyalaya.md,"University of Burdwan / Bardhaman-Birbhum-Hooghly region, West Bengal",College / Affiliated Institution,University of Burdwan / Bardhaman-Birbhum-Hooghly region,Rest of West Bengal,Not assessed,
307,Chandrapur College,Chandrapur College,chandrapur-college.md,"University of Burdwan / Bardhaman-Birbhum-Hooghly region, West Bengal",College / Affiliated Institution,University of Burdwan / Bardhaman-Birbhum-Hooghly region,Rest of West Bengal,Not assessed,
308,Dasarathi Hazra Memorial College,Dasarathi Hazra Memorial College,dasarathi-hazra-memorial-college.md,"University of Burdwan / Bardhaman-Birbhum-Hooghly region, West Bengal",College / Affiliated Institution,University of Burdwan / Bardhaman-Birbhum-Hooghly region,Rest of West Bengal,Not assessed,
309,Deshbandhu Mahavidyalaya,Deshbandhu Mahavidyalaya,deshbandhu-mahavidyalaya.md,"University of Burdwan / Bardhaman-Birbhum-Hooghly region, West Bengal",College / Affiliated Institution,University of Burdwan / Bardhaman-Birbhum-Hooghly region,Rest of West Bengal,Not assessed,
310,Dr. Bhupendra Nath Dutta Smriti Mahavidyalaya,Dr. Bhupendra Nath Dutta Smriti Mahavidyalaya,dr-bhupendra-nath-dutta-smriti-mahavidyalaya.md,"University of Burdwan / Bardhaman-Birbhum-Hooghly region, West Bengal",College / Affiliated Institution,University of Burdwan / Bardhaman-Birbhum-Hooghly region,Rest of West Bengal,Not assessed,
311,Dr. Gourmohan Roy College,Dr. Gourmohan Roy College,dr-gourmohan-roy-college.md,"University of Burdwan / Bardhaman-Birbhum-Hooghly region, West Bengal",College / Affiliated Institution,University of Burdwan / Bardhaman-Birbhum-Hooghly region,Rest of West Bengal,Not assessed,
312,Galsi Mahavidyalaya,Galsi Mahavidyalaya,galsi-mahavidyalaya.md,"University of Burdwan / Bardhaman-Birbhum-Hooghly region, West Bengal",College / Affiliated Institution,University of Burdwan / Bardhaman-Birbhum-Hooghly region,Rest of West Bengal,Not assessed,
313,Gushkara Mahavidyalaya,Gushkara Mahavidyalaya,gushkara-mahavidyalaya.md,"University of Burdwan / Bardhaman-Birbhum-Hooghly region, West Bengal",College / Affiliated Institution,University of Burdwan / Bardhaman-Birbhum-Hooghly region,Rest of West Bengal,Not assessed,
314,Hiralal Bhakat College,Hiralal Bhakat College,hiralal-bhakat-college.md,"University of Burdwan / Bardhaman-Birbhum-Hooghly region, West Bengal",College / Affiliated Institution,University of Burdwan / Bardhaman-Birbhum-Hooghly region,Rest of West Bengal,Not assessed,
315,Hooghly Mohsin College,Hooghly Mohsin College,hooghly-mohsin-college.md,"University of Burdwan / Bardhaman-Birbhum-Hooghly region, West Bengal",College / Affiliated Institution,University of Burdwan / Bardhaman-Birbhum-Hooghly region,Rest of West Bengal,Not assessed,
316,Hooghly Women's College,Hooghly Women's College,hooghly-women-s-college.md,"University of Burdwan / Bardhaman-Birbhum-Hooghly region, West Bengal",College / Affiliated Institution,University of Burdwan / Bardhaman-Birbhum-Hooghly region,Rest of West Bengal,Not assessed,
317,Balurghat College,Balurghat College,balurghat-college.md,"University of Gour Banga / Malda-Dakshin Dinajpur-Uttar Dinajpur region, West Bengal",College / Affiliated Institution,University of Gour Banga / Malda-Dakshin Dinajpur-Uttar Dinajpur region,Rest of West Bengal,Not assessed,
318,Balurghat Law College,Balurghat Law College,balurghat-law-college.md,"University of Gour Banga / Malda-Dakshin Dinajpur-Uttar Dinajpur region, West Bengal",College / Affiliated Institution,University of Gour Banga / Malda-Dakshin Dinajpur-Uttar Dinajpur region,Rest of West Bengal,Not assessed,
319,Balurghat Mahila Mahavidyalaya,Balurghat Mahila Mahavidyalaya,balurghat-mahila-mahavidyalaya.md,"University of Gour Banga / Malda-Dakshin Dinajpur-Uttar Dinajpur region, West Bengal",College / Affiliated Institution,University of Gour Banga / Malda-Dakshin Dinajpur-Uttar Dinajpur region,Rest of West Bengal,Not assessed,
320,Buniadpur Mahavidyalaya,Buniadpur Mahavidyalaya,buniadpur-mahavidyalaya.md,"University of Gour Banga / Malda-Dakshin Dinajpur-Uttar Dinajpur region, West Bengal",College / Affiliated Institution,University of Gour Banga / Malda-Dakshin Dinajpur-Uttar Dinajpur region,Rest of West Bengal,Not assessed,
321,Chanchal College,Chanchal College,chanchal-college.md,"University of Gour Banga / Malda-Dakshin Dinajpur-Uttar Dinajpur region, West Bengal",College / Affiliated Institution,University of Gour Banga / Malda-Dakshin Dinajpur-Uttar Dinajpur region,Rest of West Bengal,Not assessed,
322,Dr. Meghnad Saha College,Dr. Meghnad Saha College,dr-meghnad-saha-college.md,"University of Gour Banga / Malda-Dakshin Dinajpur-Uttar Dinajpur region, West Bengal",College / Affiliated Institution,University of Gour Banga / Malda-Dakshin Dinajpur-Uttar Dinajpur region,Rest of West Bengal,Not assessed,
323,Gangarampur B.Ed College,Gangarampur B.Ed College,gangarampur-b-ed-college.md,"University of Gour Banga / Malda-Dakshin Dinajpur-Uttar Dinajpur region, West Bengal",College / Affiliated Institution,University of Gour Banga / Malda-Dakshin Dinajpur-Uttar Dinajpur region,Rest of West Bengal,Not assessed,
324,Gangarampur College,Gangarampur College,gangarampur-college.md,"University of Gour Banga / Malda-Dakshin Dinajpur-Uttar Dinajpur region, West Bengal",College / Affiliated Institution,University of Gour Banga / Malda-Dakshin Dinajpur-Uttar Dinajpur region,Rest of West Bengal,Not assessed,
325,Gazole Mahavidyalaya,Gazole Mahavidyalaya,gazole-mahavidyalaya.md,"University of Gour Banga / Malda-Dakshin Dinajpur-Uttar Dinajpur region, West Bengal",College / Affiliated Institution,University of Gour Banga / Malda-Dakshin Dinajpur-Uttar Dinajpur region,Rest of West Bengal,Not assessed,
326,Gour Mahavidyalaya,Gour Mahavidyalaya,gour-mahavidyalaya.md,"University of Gour Banga / Malda-Dakshin Dinajpur-Uttar Dinajpur region, West Bengal",College / Affiliated Institution,University of Gour Banga / Malda-Dakshin Dinajpur-Uttar Dinajpur region,Rest of West Bengal,Not assessed,
327,Jamini Majumdar Memorial College,Jamini Majumdar Memorial College,jamini-majumdar-memorial-college.md,"University of Gour Banga / Malda-Dakshin Dinajpur-Uttar Dinajpur region, West Bengal",College / Affiliated Institution,University of Gour Banga / Malda-Dakshin Dinajpur-Uttar Dinajpur region,Rest of West Bengal,Not assessed,
328,Kaliachak College,Kaliachak College,kaliachak-college.md,"University of Gour Banga / Malda-Dakshin Dinajpur-Uttar Dinajpur region, West Bengal",College / Affiliated Institution,University of Gour Banga / Malda-Dakshin Dinajpur-Uttar Dinajpur region,Rest of West Bengal,Not assessed,
329,Kaliyaganj College,Kaliyaganj College,kaliyaganj-college.md,"University of Gour Banga / Malda-Dakshin Dinajpur-Uttar Dinajpur region, West Bengal",College / Affiliated Institution,University of Gour Banga / Malda-Dakshin Dinajpur-Uttar Dinajpur region,Rest of West Bengal,Not assessed,
330,Kumarganj College,Kumarganj College,kumarganj-college.md,"University of Gour Banga / Malda-Dakshin Dinajpur-Uttar Dinajpur region, West Bengal",College / Affiliated Institution,University of Gour Banga / Malda-Dakshin Dinajpur-Uttar Dinajpur region,Rest of West Bengal,Not assessed,
331,Kushmandi Government College,Kushmandi Government College,kushmandi-government-college.md,"University of Gour Banga / Malda-Dakshin Dinajpur-Uttar Dinajpur region, West Bengal",College / Affiliated Institution,University of Gour Banga / Malda-Dakshin Dinajpur-Uttar Dinajpur region,Rest of West Bengal,Not assessed,
332,Malda College,Malda College,malda-college.md,"University of Gour Banga / Malda-Dakshin Dinajpur-Uttar Dinajpur region, West Bengal",College / Affiliated Institution,University of Gour Banga / Malda-Dakshin Dinajpur-Uttar Dinajpur region,Rest of West Bengal,Not assessed,
333,Manikchak College,Manikchak College,manikchak-college.md,"University of Gour Banga / Malda-Dakshin Dinajpur-Uttar Dinajpur region, West Bengal",College / Affiliated Institution,University of Gour Banga / Malda-Dakshin Dinajpur-Uttar Dinajpur region,Rest of West Bengal,Not assessed,
334,Nathaniyal Murmu Memorial College,Nathaniyal Murmu Memorial College,nathaniyal-murmu-memorial-college.md,"University of Gour Banga / Malda-Dakshin Dinajpur-Uttar Dinajpur region, West Bengal",College / Affiliated Institution,University of Gour Banga / Malda-Dakshin Dinajpur-Uttar Dinajpur region,Rest of West Bengal,Not assessed,
335,Pakuahat Degree College,Pakuahat Degree College,pakuahat-degree-college.md,"University of Gour Banga / Malda-Dakshin Dinajpur-Uttar Dinajpur region, West Bengal",College / Affiliated Institution,University of Gour Banga / Malda-Dakshin Dinajpur-Uttar Dinajpur region,Rest of West Bengal,Not assessed,
336,Raiganj Surendranath Mahavidyalaya,Raiganj Surendranath Mahavidyalaya,raiganj-surendranath-mahavidyalaya.md,"University of Gour Banga / Malda-Dakshin Dinajpur-Uttar Dinajpur region, West Bengal",College / Affiliated Institution,University of Gour Banga / Malda-Dakshin Dinajpur-Uttar Dinajpur region,Rest of West Bengal,Not assessed,
337,Samsi College,Samsi College,samsi-college.md,"University of Gour Banga / Malda-Dakshin Dinajpur-Uttar Dinajpur region, West Bengal",College / Affiliated Institution,University of Gour Banga / Malda-Dakshin Dinajpur-Uttar Dinajpur region,Rest of West Bengal,Not assessed,
338,Shree Agrasen Mahavidyalaya,Shree Agrasen Mahavidyalaya,shree-agrasen-mahavidyalaya.md,"University of Gour Banga / Malda-Dakshin Dinajpur-Uttar Dinajpur region, West Bengal",College / Affiliated Institution,University of Gour Banga / Malda-Dakshin Dinajpur-Uttar Dinajpur region,Rest of West Bengal,Not assessed,
339,South Malda College,South Malda College,south-malda-college.md,"University of Gour Banga / Malda-Dakshin Dinajpur-Uttar Dinajpur region, West Bengal",College / Affiliated Institution,University of Gour Banga / Malda-Dakshin Dinajpur-Uttar Dinajpur region,Rest of West Bengal,Not assessed,
340,Asannagar Madan Mohan Tarkalankar College,Asannagar Madan Mohan Tarkalankar College,asannagar-madan-mohan-tarkalankar-college.md,"University of Kalyani / Nadia-Murshidabad region, West Bengal",College / Affiliated Institution,University of Kalyani / Nadia-Murshidabad region,Rest of West Bengal,Not assessed,
341,Berhampore College,Berhampore College,berhampore-college.md,"University of Kalyani / Nadia-Murshidabad region, West Bengal",College / Affiliated Institution,University of Kalyani / Nadia-Murshidabad region,Rest of West Bengal,Not assessed,
342,Berhampore Girls' College,Berhampore Girls' College,berhampore-girls-college.md,"University of Kalyani / Nadia-Murshidabad region, West Bengal",College / Affiliated Institution,University of Kalyani / Nadia-Murshidabad region,Rest of West Bengal,Not assessed,
343,Bethuadahari College,Bethuadahari College,bethuadahari-college.md,"University of Kalyani / Nadia-Murshidabad region, West Bengal",College / Affiliated Institution,University of Kalyani / Nadia-Murshidabad region,Rest of West Bengal,Not assessed,
344,Bimal Chandra College of Law,Bimal Chandra College of Law,bimal-chandra-college-of-law.md,"University of Kalyani / Nadia-Murshidabad region, West Bengal",College / Affiliated Institution,University of Kalyani / Nadia-Murshidabad region,Rest of West Bengal,Not assessed,
345,Chakdaha College,Chakdaha College,chakdaha-college.md,"University of Kalyani / Nadia-Murshidabad region, West Bengal",College / Affiliated Institution,University of Kalyani / Nadia-Murshidabad region,Rest of West Bengal,Not assessed,
346,Chapra Bangaljhi Mahavidyalaya,Chapra Bangaljhi Mahavidyalaya,chapra-bangaljhi-mahavidyalaya.md,"University of Kalyani / Nadia-Murshidabad region, West Bengal",College / Affiliated Institution,University of Kalyani / Nadia-Murshidabad region,Rest of West Bengal,Not assessed,
347,Chapra Government College,Chapra Government College,chapra-government-college.md,"University of Kalyani / Nadia-Murshidabad region, West Bengal",College / Affiliated Institution,University of Kalyani / Nadia-Murshidabad region,Rest of West Bengal,Not assessed,
348,Domkal Girls' College,Domkal Girls' College,domkal-girls-college.md,"University of Kalyani / Nadia-Murshidabad region, West Bengal",College / Affiliated Institution,University of Kalyani / Nadia-Murshidabad region,Rest of West Bengal,Not assessed,
349,Dr. B.R. Ambedkar College,Dr. B.R. Ambedkar College,dr-b-r-ambedkar-college.md,"University of Kalyani / Nadia-Murshidabad region, West Bengal",College / Affiliated Institution,University of Kalyani / Nadia-Murshidabad region,Rest of West Bengal,Not assessed,
350,Dukhulal Nibaran Chandra College,Dukhulal Nibaran Chandra College,dukhulal-nibaran-chandra-college.md,"University of Kalyani / Nadia-Murshidabad region, West Bengal",College / Affiliated Institution,University of Kalyani / Nadia-Murshidabad region,Rest of West Bengal,Not assessed,
351,Dumkal College,Dumkal College,dumkal-college.md,"University of Kalyani / Nadia-Murshidabad region, West Bengal",College / Affiliated Institution,University of Kalyani / Nadia-Murshidabad region,Rest of West Bengal,Not assessed,
352,Dwijendralal College,Dwijendralal College,dwijendralal-college.md,"University of Kalyani / Nadia-Murshidabad region, West Bengal",College / Affiliated Institution,University of Kalyani / Nadia-Murshidabad region,Rest of West Bengal,Not assessed,
353,G.D. College,G.D. College,g-d-college.md,"University of Kalyani / Nadia-Murshidabad region, West Bengal",College / Affiliated Institution,University of Kalyani / Nadia-Murshidabad region,Rest of West Bengal,Not assessed,
354,Haringhata Mahavidyalaya,Haringhata Mahavidyalaya,haringhata-mahavidyalaya.md,"University of Kalyani / Nadia-Murshidabad region, West Bengal",College / Affiliated Institution,University of Kalyani / Nadia-Murshidabad region,Rest of West Bengal,Not assessed,
355,Hazi A.K. Khan College,Hazi A.K. Khan College,hazi-a-k-khan-college.md,"University of Kalyani / Nadia-Murshidabad region, West Bengal",College / Affiliated Institution,University of Kalyani / Nadia-Murshidabad region,Rest of West Bengal,Not assessed,
356,J.R.S.E.T. College of Law,J.R.S.E.T. College of Law,j-r-s-e-t-college-of-law.md,"University of Kalyani / Nadia-Murshidabad region, West Bengal",College / Affiliated Institution,University of Kalyani / Nadia-Murshidabad region,Rest of West Bengal,Not assessed,
357,Jalangi Mahavidyalaya,Jalangi Mahavidyalaya,jalangi-mahavidyalaya.md,"University of Kalyani / Nadia-Murshidabad region, West Bengal",College / Affiliated Institution,University of Kalyani / Nadia-Murshidabad region,Rest of West Bengal,Not assessed,
358,Jangipur College,Jangipur College,jangipur-college.md,"University of Kalyani / Nadia-Murshidabad region, West Bengal",College / Affiliated Institution,University of Kalyani / Nadia-Murshidabad region,Rest of West Bengal,Not assessed,
359,Jatindra Rajendra Mahavidyalaya,Jatindra Rajendra Mahavidyalaya,jatindra-rajendra-mahavidyalaya.md,"University of Kalyani / Nadia-Murshidabad region, West Bengal",College / Affiliated Institution,University of Kalyani / Nadia-Murshidabad region,Rest of West Bengal,Not assessed,
360,Kaliganj Government College,Kaliganj Government College,kaliganj-government-college.md,"University of Kalyani / Nadia-Murshidabad region, West Bengal",College / Affiliated Institution,University of Kalyani / Nadia-Murshidabad region,Rest of West Bengal,Not assessed,
361,Kalyani Mahavidyalaya,Kalyani Mahavidyalaya,kalyani-mahavidyalaya.md,"University of Kalyani / Nadia-Murshidabad region, West Bengal",College / Affiliated Institution,University of Kalyani / Nadia-Murshidabad region,Rest of West Bengal,Not assessed,
362,Kanchrapara College,Kanchrapara College,kanchrapara-college.md,"University of Kalyani / Nadia-Murshidabad region, West Bengal",College / Affiliated Institution,University of Kalyani / Nadia-Murshidabad region,Rest of West Bengal,Not assessed,
363,Kandi Raj College,Kandi Raj College,kandi-raj-college.md,"University of Kalyani / Nadia-Murshidabad region, West Bengal",College / Affiliated Institution,University of Kalyani / Nadia-Murshidabad region,Rest of West Bengal,Not assessed,
364,Karimpur Pannadevi College,Karimpur Pannadevi College,karimpur-pannadevi-college.md,"University of Kalyani / Nadia-Murshidabad region, West Bengal",College / Affiliated Institution,University of Kalyani / Nadia-Murshidabad region,Rest of West Bengal,Not assessed,
365,Krishnagar Government College,Krishnagar Government College,krishnagar-government-college.md,"University of Kalyani / Nadia-Murshidabad region, West Bengal",College / Affiliated Institution,University of Kalyani / Nadia-Murshidabad region,Rest of West Bengal,Not assessed,
366,Krishnagar Women's College,Krishnagar Women's College,krishnagar-women-s-college.md,"University of Kalyani / Nadia-Murshidabad region, West Bengal",College / Affiliated Institution,University of Kalyani / Nadia-Murshidabad region,Rest of West Bengal,Not assessed,
367,Krishnath College,Krishnath College,krishnath-college.md,"University of Kalyani / Nadia-Murshidabad region, West Bengal",College / Affiliated Institution,University of Kalyani / Nadia-Murshidabad region,Rest of West Bengal,Not assessed,
368,Lalgola College,Lalgola College,lalgola-college.md,"University of Kalyani / Nadia-Murshidabad region, West Bengal",College / Affiliated Institution,University of Kalyani / Nadia-Murshidabad region,Rest of West Bengal,Not assessed,
369,Mohammad Abdul Bari Institute of Juridical Science,Mohammad Abdul Bari Institute of Juridical Science,mohammad-abdul-bari-institute-of-juridical-science.md,"University of Kalyani / Nadia-Murshidabad region, West Bengal",College / Affiliated Institution,University of Kalyani / Nadia-Murshidabad region,Rest of West Bengal,Not assessed,
370,Muragacha Government College,Muragacha Government College,muragacha-government-college.md,"University of Kalyani / Nadia-Murshidabad region, West Bengal",College / Affiliated Institution,University of Kalyani / Nadia-Murshidabad region,Rest of West Bengal,Not assessed,
371,Murshidabad Adarsha Mahavidyalaya,Murshidabad Adarsha Mahavidyalaya,murshidabad-adarsha-mahavidyalaya.md,"University of Kalyani / Nadia-Murshidabad region, West Bengal",College / Affiliated Institution,University of Kalyani / Nadia-Murshidabad region,Rest of West Bengal,Not assessed,
372,Muzaffar Ahmed Mahavidyalaya,Muzaffar Ahmed Mahavidyalaya,muzaffar-ahmed-mahavidyalaya.md,"University of Kalyani / Nadia-Murshidabad region, West Bengal",College / Affiliated Institution,University of Kalyani / Nadia-Murshidabad region,Rest of West Bengal,Not assessed,
373,Nabadwip Vidyasagar College,Nabadwip Vidyasagar College,nabadwip-vidyasagar-college.md,"University of Kalyani / Nadia-Murshidabad region, West Bengal",College / Affiliated Institution,University of Kalyani / Nadia-Murshidabad region,Rest of West Bengal,Not assessed,
374,Nabagram Amar Chand Kundu College,Nabagram Amar Chand Kundu College,nabagram-amar-chand-kundu-college.md,"University of Kalyani / Nadia-Murshidabad region, West Bengal",College / Affiliated Institution,University of Kalyani / Nadia-Murshidabad region,Rest of West Bengal,Not assessed,
375,Nagar College,Nagar College,nagar-college.md,"University of Kalyani / Nadia-Murshidabad region, West Bengal",College / Affiliated Institution,University of Kalyani / Nadia-Murshidabad region,Rest of West Bengal,Not assessed,
376,Nur Mohammad Smriti Mahavidyalaya,Nur Mohammad Smriti Mahavidyalaya,nur-mohammad-smriti-mahavidyalaya.md,"University of Kalyani / Nadia-Murshidabad region, West Bengal",College / Affiliated Institution,University of Kalyani / Nadia-Murshidabad region,Rest of West Bengal,Not assessed,
377,Panchthupi Haripada Gouribala College,Panchthupi Haripada Gouribala College,panchthupi-haripada-gouribala-college.md,"University of Kalyani / Nadia-Murshidabad region, West Bengal",College / Affiliated Institution,University of Kalyani / Nadia-Murshidabad region,Rest of West Bengal,Not assessed,
378,Plassey College,Plassey College,plassey-college.md,"University of Kalyani / Nadia-Murshidabad region, West Bengal",College / Affiliated Institution,University of Kalyani / Nadia-Murshidabad region,Rest of West Bengal,Not assessed,
379,Pritilata Mahila Mahavidyalaya,Pritilata Mahila Mahavidyalaya,pritilata-mahila-mahavidyalaya.md,"University of Kalyani / Nadia-Murshidabad region, West Bengal",College / Affiliated Institution,University of Kalyani / Nadia-Murshidabad region,Rest of West Bengal,Not assessed,
380,Prof. Sayed Nurul Hasan College,Prof. Sayed Nurul Hasan College,prof-sayed-nurul-hasan-college.md,"University of Kalyani / Nadia-Murshidabad region, West Bengal",College / Affiliated Institution,University of Kalyani / Nadia-Murshidabad region,Rest of West Bengal,Not assessed,
381,Raja Birendra Chandra College,Raja Birendra Chandra College,raja-birendra-chandra-college.md,"University of Kalyani / Nadia-Murshidabad region, West Bengal",College / Affiliated Institution,University of Kalyani / Nadia-Murshidabad region,Rest of West Bengal,Not assessed,
382,Ranaghat College,Ranaghat College,ranaghat-college.md,"University of Kalyani / Nadia-Murshidabad region, West Bengal",College / Affiliated Institution,University of Kalyani / Nadia-Murshidabad region,Rest of West Bengal,Not assessed,
383,Rani Dhanya Kumari College,Rani Dhanya Kumari College,rani-dhanya-kumari-college.md,"University of Kalyani / Nadia-Murshidabad region, West Bengal",College / Affiliated Institution,University of Kalyani / Nadia-Murshidabad region,Rest of West Bengal,Not assessed,
384,Sagardighi Kamada Kinkar Smriti Mahavidyalaya,Sagardighi Kamada Kinkar Smriti Mahavidyalaya,sagardighi-kamada-kinkar-smriti-mahavidyalaya.md,"University of Kalyani / Nadia-Murshidabad region, West Bengal",College / Affiliated Institution,University of Kalyani / Nadia-Murshidabad region,Rest of West Bengal,Not assessed,
385,Santipur College,Santipur College,santipur-college.md,"University of Kalyani / Nadia-Murshidabad region, West Bengal",College / Affiliated Institution,University of Kalyani / Nadia-Murshidabad region,Rest of West Bengal,Not assessed,
386,Sewnarayan Rameswar Fatepuria College,Sewnarayan Rameswar Fatepuria College,sewnarayan-rameswar-fatepuria-college.md,"University of Kalyani / Nadia-Murshidabad region, West Bengal",College / Affiliated Institution,University of Kalyani / Nadia-Murshidabad region,Rest of West Bengal,Not assessed,
387,Snehangshu Kanta Acharya Institute of Law,Snehangshu Kanta Acharya Institute of Law,snehangshu-kanta-acharya-institute-of-law.md,"University of Kalyani / Nadia-Murshidabad region, West Bengal",College / Affiliated Institution,University of Kalyani / Nadia-Murshidabad region,Rest of West Bengal,Not assessed,
388,Srikrishna College,Srikrishna College,srikrishna-college.md,"University of Kalyani / Nadia-Murshidabad region, West Bengal",College / Affiliated Institution,University of Kalyani / Nadia-Murshidabad region,Rest of West Bengal,Not assessed,
389,Sripat Singh College,Sripat Singh College,sripat-singh-college.md,"University of Kalyani / Nadia-Murshidabad region, West Bengal",College / Affiliated Institution,University of Kalyani / Nadia-Murshidabad region,Rest of West Bengal,Not assessed,
390,Subhas Chandra Bose Centenary College,Subhas Chandra Bose Centenary College,subhas-chandra-bose-centenary-college.md,"University of Kalyani / Nadia-Murshidabad region, West Bengal",College / Affiliated Institution,University of Kalyani / Nadia-Murshidabad region,Rest of West Bengal,Not assessed,
391,Sudhiranjan Lahiri Mahavidyalaya,Sudhiranjan Lahiri Mahavidyalaya,sudhiranjan-lahiri-mahavidyalaya.md,"University of Kalyani / Nadia-Murshidabad region, West Bengal",College / Affiliated Institution,University of Kalyani / Nadia-Murshidabad region,Rest of West Bengal,Not assessed,
392,Tagore School of Rural Development and Agriculture Management,Tagore School of Rural Development and Agriculture Management,tagore-school-of-rural-development-and-agriculture-management.md,"University of Kalyani / Nadia-Murshidabad region, West Bengal",College / Affiliated Institution,University of Kalyani / Nadia-Murshidabad region,Rest of West Bengal,Not assessed,
393,Tehatta Government College,Tehatta Government College,tehatta-government-college.md,"University of Kalyani / Nadia-Murshidabad region, West Bengal",College / Affiliated Institution,University of Kalyani / Nadia-Murshidabad region,Rest of West Bengal,Not assessed,
394,Acharya Prafulla Chandra Roy Government College,Acharya Prafulla Chandra Roy Government College,acharya-prafulla-chandra-roy-government-college.md,"University of North Bengal / North Bengal region, West Bengal",College / Affiliated Institution,University of North Bengal / North Bengal region,Rest of West Bengal,Not assessed,
395,Alipurduar College,Alipurduar College,alipurduar-college.md,"University of North Bengal / North Bengal region, West Bengal",College / Affiliated Institution,University of North Bengal / North Bengal region,Rest of West Bengal,Not assessed,
396,Alipurduar Mahila Mahavidyalaya,Alipurduar Mahila Mahavidyalaya,alipurduar-mahila-mahavidyalaya.md,"University of North Bengal / North Bengal region, West Bengal",College / Affiliated Institution,University of North Bengal / North Bengal region,Rest of West Bengal,Not assessed,
397,Ananda Chandra College,Ananda Chandra College,ananda-chandra-college.md,"University of North Bengal / North Bengal region, West Bengal",College / Affiliated Institution,University of North Bengal / North Bengal region,Rest of West Bengal,Not assessed,
398,Ananda Chandra College of Commerce,Ananda Chandra College of Commerce,ananda-chandra-college-of-commerce.md,"University of North Bengal / North Bengal region, West Bengal",College / Affiliated Institution,University of North Bengal / North Bengal region,Rest of West Bengal,Not assessed,
399,Banarhat Kartik Oraon Hindi Government College,Banarhat Kartik Oraon Hindi Government College,banarhat-kartik-oraon-hindi-government-college.md,"University of North Bengal / North Bengal region, West Bengal",College / Affiliated Institution,University of North Bengal / North Bengal region,Rest of West Bengal,Not assessed,
400,Bijanbari Degree College,Bijanbari Degree College,bijanbari-degree-college.md,"University of North Bengal / North Bengal region, West Bengal",College / Affiliated Institution,University of North Bengal / North Bengal region,Rest of West Bengal,Not assessed,
401,Birpara College,Birpara College,birpara-college.md,"University of North Bengal / North Bengal region, West Bengal",College / Affiliated Institution,University of North Bengal / North Bengal region,Rest of West Bengal,Not assessed,
402,Birsa Munda College,Birsa Munda College,birsa-munda-college.md,"University of North Bengal / North Bengal region, West Bengal",College / Affiliated Institution,University of North Bengal / North Bengal region,Rest of West Bengal,Not assessed,
403,Chopra Kamala Paul Smriti Mahavidyalaya,Chopra Kamala Paul Smriti Mahavidyalaya,chopra-kamala-paul-smriti-mahavidyalaya.md,"University of North Bengal / North Bengal region, West Bengal",College / Affiliated Institution,University of North Bengal / North Bengal region,Rest of West Bengal,Not assessed,
404,Cluny Women's College,Cluny Women's College,cluny-women-s-college.md,"University of North Bengal / North Bengal region, West Bengal",College / Affiliated Institution,University of North Bengal / North Bengal region,Rest of West Bengal,Not assessed,
405,Darjeeling Government College,Darjeeling Government College,darjeeling-government-college.md,"University of North Bengal / North Bengal region, West Bengal",College / Affiliated Institution,University of North Bengal / North Bengal region,Rest of West Bengal,Not assessed,
406,Dhupguri Girls' College,Dhupguri Girls' College,dhupguri-girls-college.md,"University of North Bengal / North Bengal region, West Bengal",College / Affiliated Institution,University of North Bengal / North Bengal region,Rest of West Bengal,Not assessed,
407,Falakata College,Falakata College,falakata-college.md,"University of North Bengal / North Bengal region, West Bengal",College / Affiliated Institution,University of North Bengal / North Bengal region,Rest of West Bengal,Not assessed,
408,Ghoom-Jorebunglow Degree College,Ghoom-Jorebunglow Degree College,ghoom-jorebunglow-degree-college.md,"University of North Bengal / North Bengal region, West Bengal",College / Affiliated Institution,University of North Bengal / North Bengal region,Rest of West Bengal,Not assessed,
409,"Government General Degree College, Gorubathan","Government General Degree College, Gorubathan",government-general-degree-college-gorubathan.md,"University of North Bengal / North Bengal region, West Bengal",College / Affiliated Institution,University of North Bengal / North Bengal region,Rest of West Bengal,Not assessed,
410,"Government General Degree College, Pedong","Government General Degree College, Pedong",government-general-degree-college-pedong.md,"University of North Bengal / North Bengal region, West Bengal",College / Affiliated Institution,University of North Bengal / North Bengal region,Rest of West Bengal,Not assessed,
411,Gyan Jyoti College,Gyan Jyoti College,gyan-jyoti-college.md,"University of North Bengal / North Bengal region, West Bengal",College / Affiliated Institution,University of North Bengal / North Bengal region,Rest of West Bengal,Not assessed,
412,Indian Institute of Legal Studies,Indian Institute of Legal Studies,indian-institute-of-legal-studies.md,"University of North Bengal / North Bengal region, West Bengal",College / Affiliated Institution,University of North Bengal / North Bengal region,Rest of West Bengal,Not assessed,
413,Islampur College,Islampur College,islampur-college.md,"University of North Bengal / North Bengal region, West Bengal",College / Affiliated Institution,University of North Bengal / North Bengal region,Rest of West Bengal,Not assessed,
414,Jalpaiguri Law College,Jalpaiguri Law College,jalpaiguri-law-college.md,"University of North Bengal / North Bengal region, West Bengal",College / Affiliated Institution,University of North Bengal / North Bengal region,Rest of West Bengal,Not assessed,
415,Kalimpong College,Kalimpong College,kalimpong-college.md,"University of North Bengal / North Bengal region, West Bengal",College / Affiliated Institution,University of North Bengal / North Bengal region,Rest of West Bengal,Not assessed,
416,Kalipada Ghosh Tarai Mahavidyalaya,Kalipada Ghosh Tarai Mahavidyalaya,kalipada-ghosh-tarai-mahavidyalaya.md,"University of North Bengal / North Bengal region, West Bengal",College / Affiliated Institution,University of North Bengal / North Bengal region,Rest of West Bengal,Not assessed,
417,Kurseong College,Kurseong College,kurseong-college.md,"University of North Bengal / North Bengal region, West Bengal",College / Affiliated Institution,University of North Bengal / North Bengal region,Rest of West Bengal,Not assessed,
418,Lilabati Mahavidyalaya,Lilabati Mahavidyalaya,lilabati-mahavidyalaya.md,"University of North Bengal / North Bengal region, West Bengal",College / Affiliated Institution,University of North Bengal / North Bengal region,Rest of West Bengal,Not assessed,
419,Maynaguri College,Maynaguri College,maynaguri-college.md,"University of North Bengal / North Bengal region, West Bengal",College / Affiliated Institution,University of North Bengal / North Bengal region,Rest of West Bengal,Not assessed,
420,Model B.P.Ed. College,Model B.P.Ed. College,model-b-p-ed-college.md,"University of North Bengal / North Bengal region, West Bengal",College / Affiliated Institution,University of North Bengal / North Bengal region,Rest of West Bengal,Not assessed,
421,Munshi Premchand Mahavidyalaya,Munshi Premchand Mahavidyalaya,munshi-premchand-mahavidyalaya.md,"University of North Bengal / North Bengal region, West Bengal",College / Affiliated Institution,University of North Bengal / North Bengal region,Rest of West Bengal,Not assessed,
422,Nakshalbari College,Nakshalbari College,nakshalbari-college.md,"University of North Bengal / North Bengal region, West Bengal",College / Affiliated Institution,University of North Bengal / North Bengal region,Rest of West Bengal,Not assessed,
423,Nani Bhattacharya Smarak Mahavidyalaya,Nani Bhattacharya Smarak Mahavidyalaya,nani-bhattacharya-smarak-mahavidyalaya.md,"University of North Bengal / North Bengal region, West Bengal",College / Affiliated Institution,University of North Bengal / North Bengal region,Rest of West Bengal,Not assessed,
424,North Bengal St. Xavier's College,North Bengal St. Xavier's College,north-bengal-st-xavier-s-college.md,"University of North Bengal / North Bengal region, West Bengal",College / Affiliated Institution,University of North Bengal / North Bengal region,Rest of West Bengal,Not assessed,
425,P.D. Women's College,P.D. Women's College,p-d-women-s-college.md,"University of North Bengal / North Bengal region, West Bengal",College / Affiliated Institution,University of North Bengal / North Bengal region,Rest of West Bengal,Not assessed,
426,Parimal Mitra Smriti Mahavidyalaya,Parimal Mitra Smriti Mahavidyalaya,parimal-mitra-smriti-mahavidyalaya.md,"University of North Bengal / North Bengal region, West Bengal",College / Affiliated Institution,University of North Bengal / North Bengal region,Rest of West Bengal,Not assessed,
427,Pijushkanti Mukherjee Mahavidyalaya,Pijushkanti Mukherjee Mahavidyalaya,pijushkanti-mukherjee-mahavidyalaya.md,"University of North Bengal / North Bengal region, West Bengal",College / Affiliated Institution,University of North Bengal / North Bengal region,Rest of West Bengal,Not assessed,
428,Rajganj College,Rajganj College,rajganj-college.md,"University of North Bengal / North Bengal region, West Bengal",College / Affiliated Institution,University of North Bengal / North Bengal region,Rest of West Bengal,Not assessed,
429,Saheed Kshudiram College,Saheed Kshudiram College,saheed-kshudiram-college.md,"University of North Bengal / North Bengal region, West Bengal",College / Affiliated Institution,University of North Bengal / North Bengal region,Rest of West Bengal,Not assessed,
430,"Salesian College, Darjeeling","Salesian College, Darjeeling",salesian-college-darjeeling.md,"University of North Bengal / North Bengal region, West Bengal",College / Affiliated Institution,University of North Bengal / North Bengal region,Rest of West Bengal,Not assessed,
431,Samuktala Sidhu Kanhu College,Samuktala Sidhu Kanhu College,samuktala-sidhu-kanhu-college.md,"University of North Bengal / North Bengal region, West Bengal",College / Affiliated Institution,University of North Bengal / North Bengal region,Rest of West Bengal,Not assessed,
432,Siliguri College,Siliguri College,siliguri-college.md,"University of North Bengal / North Bengal region, West Bengal",College / Affiliated Institution,University of North Bengal / North Bengal region,Rest of West Bengal,Not assessed,
433,Siliguri College of Commerce,Siliguri College of Commerce,siliguri-college-of-commerce.md,"University of North Bengal / North Bengal region, West Bengal",College / Affiliated Institution,University of North Bengal / North Bengal region,Rest of West Bengal,Not assessed,
434,Siliguri Mahila Mahavidyalaya,Siliguri Mahila Mahavidyalaya,siliguri-mahila-mahavidyalaya.md,"University of North Bengal / North Bengal region, West Bengal",College / Affiliated Institution,University of North Bengal / North Bengal region,Rest of West Bengal,Not assessed,
435,Sonada Degree College,Sonada Degree College,sonada-degree-college.md,"University of North Bengal / North Bengal region, West Bengal",College / Affiliated Institution,University of North Bengal / North Bengal region,Rest of West Bengal,Not assessed,
436,Southfield College,Southfield College,southfield-college.md,"University of North Bengal / North Bengal region, West Bengal",College / Affiliated Institution,University of North Bengal / North Bengal region,Rest of West Bengal,Not assessed,
437,"St Joseph's College, Darjeeling","St Joseph's College, Darjeeling",st-joseph-s-college-darjeeling.md,"University of North Bengal / North Bengal region, West Bengal",College / Affiliated Institution,University of North Bengal / North Bengal region,Rest of West Bengal,Not assessed,
438,Sukanta Mahavidyalaya,Sukanta Mahavidyalaya,sukanta-mahavidyalaya.md,"University of North Bengal / North Bengal region, West Bengal",College / Affiliated Institution,University of North Bengal / North Bengal region,Rest of West Bengal,Not assessed,
439,Suniti Academy,Suniti Academy,suniti-academy.md,"University of North Bengal / North Bengal region, West Bengal",College / Affiliated Institution,University of North Bengal / North Bengal region,Rest of West Bengal,Not assessed,
440,Surya Sen Mahavidyalaya,Surya Sen Mahavidyalaya,surya-sen-mahavidyalaya.md,"University of North Bengal / North Bengal region, West Bengal",College / Affiliated Institution,University of North Bengal / North Bengal region,Rest of West Bengal,Not assessed,
441,University B.T. & Evening College,University B.T. & Evening College,university-b-t-and-evening-college.md,"University of North Bengal / North Bengal region, West Bengal",College / Affiliated Institution,University of North Bengal / North Bengal region,Rest of West Bengal,Not assessed,
442,"Vivekananda College, Alipurduar","Vivekananda College, Alipurduar",vivekananda-college-alipurduar.md,"University of North Bengal / North Bengal region, West Bengal",College / Affiliated Institution,University of North Bengal / North Bengal region,Rest of West Bengal,Not assessed,
443,Ambigeria Government College,Ambigeria Government College,ambigeria-government-college.md,"Vidyasagar University / Paschim & Purba Medinipur-Jhargram region, West Bengal",College / Affiliated Institution,Vidyasagar University / Paschim & Purba Medinipur-Jhargram region,Rest of West Bengal,Not assessed,
444,Bajkul Milani Mahavidyalaya,Bajkul Milani Mahavidyalaya,bajkul-milani-mahavidyalaya.md,"Vidyasagar University / Paschim & Purba Medinipur-Jhargram region, West Bengal",College / Affiliated Institution,Vidyasagar University / Paschim & Purba Medinipur-Jhargram region,Rest of West Bengal,Not assessed,
445,Belda College,Belda College,belda-college.md,"Vidyasagar University / Paschim & Purba Medinipur-Jhargram region, West Bengal",College / Affiliated Institution,Vidyasagar University / Paschim & Purba Medinipur-Jhargram region,Rest of West Bengal,Not assessed,
446,Bhatter College,Bhatter College,bhatter-college.md,"Vidyasagar University / Paschim & Purba Medinipur-Jhargram region, West Bengal",College / Affiliated Institution,Vidyasagar University / Paschim & Purba Medinipur-Jhargram region,Rest of West Bengal,Not assessed,
447,Chaipat S.P.B. Mahavidyalaya,Chaipat S.P.B. Mahavidyalaya,chaipat-s-p-b-mahavidyalaya.md,"Vidyasagar University / Paschim & Purba Medinipur-Jhargram region, West Bengal",College / Affiliated Institution,Vidyasagar University / Paschim & Purba Medinipur-Jhargram region,Rest of West Bengal,Not assessed,
448,Chandrakona Vidyasagar Mahavidyalaya,Chandrakona Vidyasagar Mahavidyalaya,chandrakona-vidyasagar-mahavidyalaya.md,"Vidyasagar University / Paschim & Purba Medinipur-Jhargram region, West Bengal",College / Affiliated Institution,Vidyasagar University / Paschim & Purba Medinipur-Jhargram region,Rest of West Bengal,Not assessed,
449,Debra Thana Sahid Kshudiram Smriti Mahavidyalaya,Debra Thana Sahid Kshudiram Smriti Mahavidyalaya,debra-thana-sahid-kshudiram-smriti-mahavidyalaya.md,"Vidyasagar University / Paschim & Purba Medinipur-Jhargram region, West Bengal",College / Affiliated Institution,Vidyasagar University / Paschim & Purba Medinipur-Jhargram region,Rest of West Bengal,Not assessed,
450,Deshapran Mahavidyalaya,Deshapran Mahavidyalaya,deshapran-mahavidyalaya.md,"Vidyasagar University / Paschim & Purba Medinipur-Jhargram region, West Bengal",College / Affiliated Institution,Vidyasagar University / Paschim & Purba Medinipur-Jhargram region,Rest of West Bengal,Not assessed,
451,Egra Sarada Shashi Bhusan College,Egra Sarada Shashi Bhusan College,egra-sarada-shashi-bhusan-college.md,"Vidyasagar University / Paschim & Purba Medinipur-Jhargram region, West Bengal",College / Affiliated Institution,Vidyasagar University / Paschim & Purba Medinipur-Jhargram region,Rest of West Bengal,Not assessed,
452,Garhbeta College,Garhbeta College,garhbeta-college.md,"Vidyasagar University / Paschim & Purba Medinipur-Jhargram region, West Bengal",College / Affiliated Institution,Vidyasagar University / Paschim & Purba Medinipur-Jhargram region,Rest of West Bengal,Not assessed,
453,Gourav Guin Memorial College,Gourav Guin Memorial College,gourav-guin-memorial-college.md,"Vidyasagar University / Paschim & Purba Medinipur-Jhargram region, West Bengal",College / Affiliated Institution,Vidyasagar University / Paschim & Purba Medinipur-Jhargram region,Rest of West Bengal,Not assessed,
454,"Government General Degree College, Gopiballavpur-II","Government General Degree College, Gopiballavpur-II",government-general-degree-college-gopiballavpur-ii.md,"Vidyasagar University / Paschim & Purba Medinipur-Jhargram region, West Bengal",College / Affiliated Institution,Vidyasagar University / Paschim & Purba Medinipur-Jhargram region,Rest of West Bengal,Not assessed,
455,"Government General Degree College, Mohanpur","Government General Degree College, Mohanpur",government-general-degree-college-mohanpur.md,"Vidyasagar University / Paschim & Purba Medinipur-Jhargram region, West Bengal",College / Affiliated Institution,Vidyasagar University / Paschim & Purba Medinipur-Jhargram region,Rest of West Bengal,Not assessed,
456,Haldia Government College,Haldia Government College,haldia-government-college.md,"Vidyasagar University / Paschim & Purba Medinipur-Jhargram region, West Bengal",College / Affiliated Institution,Vidyasagar University / Paschim & Purba Medinipur-Jhargram region,Rest of West Bengal,Not assessed,
457,Haldia Law College,Haldia Law College,haldia-law-college.md,"Vidyasagar University / Paschim & Purba Medinipur-Jhargram region, West Bengal",College / Affiliated Institution,Vidyasagar University / Paschim & Purba Medinipur-Jhargram region,Rest of West Bengal,Not assessed,
458,Hijli College,Hijli College,hijli-college.md,"Vidyasagar University / Paschim & Purba Medinipur-Jhargram region, West Bengal",College / Affiliated Institution,Vidyasagar University / Paschim & Purba Medinipur-Jhargram region,Rest of West Bengal,Not assessed,
459,Jhargram Raj College,Jhargram Raj College,jhargram-raj-college.md,"Vidyasagar University / Paschim & Purba Medinipur-Jhargram region, West Bengal",College / Affiliated Institution,Vidyasagar University / Paschim & Purba Medinipur-Jhargram region,Rest of West Bengal,Not assessed,
460,K.D. College of Commerce and General Studies,K.D. College of Commerce and General Studies,k-d-college-of-commerce-and-general-studies.md,"Vidyasagar University / Paschim & Purba Medinipur-Jhargram region, West Bengal",College / Affiliated Institution,Vidyasagar University / Paschim & Purba Medinipur-Jhargram region,Rest of West Bengal,Not assessed,
461,Keshiary Government College,Keshiary Government College,keshiary-government-college.md,"Vidyasagar University / Paschim & Purba Medinipur-Jhargram region, West Bengal",College / Affiliated Institution,Vidyasagar University / Paschim & Purba Medinipur-Jhargram region,Rest of West Bengal,Not assessed,
462,Kharagpur College,Kharagpur College,kharagpur-college.md,"Vidyasagar University / Paschim & Purba Medinipur-Jhargram region, West Bengal",College / Affiliated Institution,Vidyasagar University / Paschim & Purba Medinipur-Jhargram region,Rest of West Bengal,Not assessed,
463,Khejuri College,Khejuri College,khejuri-college.md,"Vidyasagar University / Paschim & Purba Medinipur-Jhargram region, West Bengal",College / Affiliated Institution,Vidyasagar University / Paschim & Purba Medinipur-Jhargram region,Rest of West Bengal,Not assessed,
464,Lalgarh Government College,Lalgarh Government College,lalgarh-government-college.md,"Vidyasagar University / Paschim & Purba Medinipur-Jhargram region, West Bengal",College / Affiliated Institution,Vidyasagar University / Paschim & Purba Medinipur-Jhargram region,Rest of West Bengal,Not assessed,
465,Maharaja Nandakumar Mahavidyalaya,Maharaja Nandakumar Mahavidyalaya,maharaja-nandakumar-mahavidyalaya.md,"Vidyasagar University / Paschim & Purba Medinipur-Jhargram region, West Bengal",College / Affiliated Institution,Vidyasagar University / Paschim & Purba Medinipur-Jhargram region,Rest of West Bengal,Not assessed,
466,Mahishadal Girls' College,Mahishadal Girls' College,mahishadal-girls-college.md,"Vidyasagar University / Paschim & Purba Medinipur-Jhargram region, West Bengal",College / Affiliated Institution,Vidyasagar University / Paschim & Purba Medinipur-Jhargram region,Rest of West Bengal,Not assessed,
467,Mahishadal Raj College,Mahishadal Raj College,mahishadal-raj-college.md,"Vidyasagar University / Paschim & Purba Medinipur-Jhargram region, West Bengal",College / Affiliated Institution,Vidyasagar University / Paschim & Purba Medinipur-Jhargram region,Rest of West Bengal,Not assessed,
468,Midnapore College,Midnapore College,midnapore-college.md,"Vidyasagar University / Paschim & Purba Medinipur-Jhargram region, West Bengal",College / Affiliated Institution,Vidyasagar University / Paschim & Purba Medinipur-Jhargram region,Rest of West Bengal,Not assessed,
469,Midnapore Law College,Midnapore Law College,midnapore-law-college.md,"Vidyasagar University / Paschim & Purba Medinipur-Jhargram region, West Bengal",College / Affiliated Institution,Vidyasagar University / Paschim & Purba Medinipur-Jhargram region,Rest of West Bengal,Not assessed,
470,MIES R.M. Law College,MIES R.M. Law College,mies-r-m-law-college.md,"Vidyasagar University / Paschim & Purba Medinipur-Jhargram region, West Bengal",College / Affiliated Institution,Vidyasagar University / Paschim & Purba Medinipur-Jhargram region,Rest of West Bengal,Not assessed,
471,Moyna College,Moyna College,moyna-college.md,"Vidyasagar University / Paschim & Purba Medinipur-Jhargram region, West Bengal",College / Affiliated Institution,Vidyasagar University / Paschim & Purba Medinipur-Jhargram region,Rest of West Bengal,Not assessed,
472,Mugberia Gangadhar Mahavidyalaya,Mugberia Gangadhar Mahavidyalaya,mugberia-gangadhar-mahavidyalaya.md,"Vidyasagar University / Paschim & Purba Medinipur-Jhargram region, West Bengal",College / Affiliated Institution,Vidyasagar University / Paschim & Purba Medinipur-Jhargram region,Rest of West Bengal,Not assessed,
473,Narajole Raj College,Narajole Raj College,narajole-raj-college.md,"Vidyasagar University / Paschim & Purba Medinipur-Jhargram region, West Bengal",College / Affiliated Institution,Vidyasagar University / Paschim & Purba Medinipur-Jhargram region,Rest of West Bengal,Not assessed,
474,Nayagram Pandit Raghunath Murmu Government College,Nayagram Pandit Raghunath Murmu Government College,nayagram-pandit-raghunath-murmu-government-college.md,"Vidyasagar University / Paschim & Purba Medinipur-Jhargram region, West Bengal",College / Affiliated Institution,Vidyasagar University / Paschim & Purba Medinipur-Jhargram region,Rest of West Bengal,Not assessed,
475,"Oriental Institute of Science and Technology, Midnapore","Oriental Institute of Science and Technology, Midnapore",oriental-institute-of-science-and-technology-midnapore.md,"Vidyasagar University / Paschim & Purba Medinipur-Jhargram region, West Bengal",College / Affiliated Institution,Vidyasagar University / Paschim & Purba Medinipur-Jhargram region,Rest of West Bengal,Not assessed,
476,Panskura Banamali College,Panskura Banamali College,panskura-banamali-college.md,"Vidyasagar University / Paschim & Purba Medinipur-Jhargram region, West Bengal",College / Affiliated Institution,Vidyasagar University / Paschim & Purba Medinipur-Jhargram region,Rest of West Bengal,Not assessed,
477,Pingla Thana Mahavidyalaya,Pingla Thana Mahavidyalaya,pingla-thana-mahavidyalaya.md,"Vidyasagar University / Paschim & Purba Medinipur-Jhargram region, West Bengal",College / Affiliated Institution,Vidyasagar University / Paschim & Purba Medinipur-Jhargram region,Rest of West Bengal,Not assessed,
478,Prabhat Kumar College,Prabhat Kumar College,prabhat-kumar-college.md,"Vidyasagar University / Paschim & Purba Medinipur-Jhargram region, West Bengal",College / Affiliated Institution,Vidyasagar University / Paschim & Purba Medinipur-Jhargram region,Rest of West Bengal,Not assessed,
479,Rabindra Bharati Mahavidyalaya,Rabindra Bharati Mahavidyalaya,rabindra-bharati-mahavidyalaya.md,"Vidyasagar University / Paschim & Purba Medinipur-Jhargram region, West Bengal",College / Affiliated Institution,Vidyasagar University / Paschim & Purba Medinipur-Jhargram region,Rest of West Bengal,Not assessed,
480,Raja Narendra Lal Khan Women's College,Raja Narendra Lal Khan Women's College,raja-narendra-lal-khan-women-s-college.md,"Vidyasagar University / Paschim & Purba Medinipur-Jhargram region, West Bengal",College / Affiliated Institution,Vidyasagar University / Paschim & Purba Medinipur-Jhargram region,Rest of West Bengal,Not assessed,
481,Ramnagar College,Ramnagar College,ramnagar-college.md,"Vidyasagar University / Paschim & Purba Medinipur-Jhargram region, West Bengal",College / Affiliated Institution,Vidyasagar University / Paschim & Purba Medinipur-Jhargram region,Rest of West Bengal,Not assessed,
482,Sabang Sajanikanta Mahavidyalaya,Sabang Sajanikanta Mahavidyalaya,sabang-sajanikanta-mahavidyalaya.md,"Vidyasagar University / Paschim & Purba Medinipur-Jhargram region, West Bengal",College / Affiliated Institution,Vidyasagar University / Paschim & Purba Medinipur-Jhargram region,Rest of West Bengal,Not assessed,
483,Salboni Government College,Salboni Government College,salboni-government-college.md,"Vidyasagar University / Paschim & Purba Medinipur-Jhargram region, West Bengal",College / Affiliated Institution,Vidyasagar University / Paschim & Purba Medinipur-Jhargram region,Rest of West Bengal,Not assessed,
484,Sankrail Anil Biswas Smriti Mahavidyalaya,Sankrail Anil Biswas Smriti Mahavidyalaya,sankrail-anil-biswas-smriti-mahavidyalaya.md,"Vidyasagar University / Paschim & Purba Medinipur-Jhargram region, West Bengal",College / Affiliated Institution,Vidyasagar University / Paschim & Purba Medinipur-Jhargram region,Rest of West Bengal,Not assessed,
485,Santal Bidroha Sardha Satabarsiki Mahavidyalaya,Santal Bidroha Sardha Satabarsiki Mahavidyalaya,santal-bidroha-sardha-satabarsiki-mahavidyalaya.md,"Vidyasagar University / Paschim & Purba Medinipur-Jhargram region, West Bengal",College / Affiliated Institution,Vidyasagar University / Paschim & Purba Medinipur-Jhargram region,Rest of West Bengal,Not assessed,
486,Seva Bharati Mahavidyalaya,Seva Bharati Mahavidyalaya,seva-bharati-mahavidyalaya.md,"Vidyasagar University / Paschim & Purba Medinipur-Jhargram region, West Bengal",College / Affiliated Institution,Vidyasagar University / Paschim & Purba Medinipur-Jhargram region,Rest of West Bengal,Not assessed,
487,Shahid Matangini Hazra Government College for Women,Shahid Matangini Hazra Government College for Women,shahid-matangini-hazra-government-college-for-women.md,"Vidyasagar University / Paschim & Purba Medinipur-Jhargram region, West Bengal",College / Affiliated Institution,Vidyasagar University / Paschim & Purba Medinipur-Jhargram region,Rest of West Bengal,Not assessed,
488,Siddhinath Mahavidyalaya,Siddhinath Mahavidyalaya,siddhinath-mahavidyalaya.md,"Vidyasagar University / Paschim & Purba Medinipur-Jhargram region, West Bengal",College / Affiliated Institution,Vidyasagar University / Paschim & Purba Medinipur-Jhargram region,Rest of West Bengal,Not assessed,
489,Silda Chandra Sekhar College,Silda Chandra Sekhar College,silda-chandra-sekhar-college.md,"Vidyasagar University / Paschim & Purba Medinipur-Jhargram region, West Bengal",College / Affiliated Institution,Vidyasagar University / Paschim & Purba Medinipur-Jhargram region,Rest of West Bengal,Not assessed,
490,Sitananda College,Sitananda College,sitananda-college.md,"Vidyasagar University / Paschim & Purba Medinipur-Jhargram region, West Bengal",College / Affiliated Institution,Vidyasagar University / Paschim & Purba Medinipur-Jhargram region,Rest of West Bengal,Not assessed,
491,Subarnarekha Mahavidyalaya,Subarnarekha Mahavidyalaya,subarnarekha-mahavidyalaya.md,"Vidyasagar University / Paschim & Purba Medinipur-Jhargram region, West Bengal",College / Affiliated Institution,Vidyasagar University / Paschim & Purba Medinipur-Jhargram region,Rest of West Bengal,Not assessed,
492,Sukumar Sengupta Mahavidyalaya,Sukumar Sengupta Mahavidyalaya,sukumar-sengupta-mahavidyalaya.md,"Vidyasagar University / Paschim & Purba Medinipur-Jhargram region, West Bengal",College / Affiliated Institution,Vidyasagar University / Paschim & Purba Medinipur-Jhargram region,Rest of West Bengal,Not assessed,
493,Swarnamoyee Jogendranath Mahavidyalaya,Swarnamoyee Jogendranath Mahavidyalaya,swarnamoyee-jogendranath-mahavidyalaya.md,"Vidyasagar University / Paschim & Purba Medinipur-Jhargram region, West Bengal",College / Affiliated Institution,Vidyasagar University / Paschim & Purba Medinipur-Jhargram region,Rest of West Bengal,Not assessed,
494,Tamralipta Mahavidyalaya,Tamralipta Mahavidyalaya,tamralipta-mahavidyalaya.md,"Vidyasagar University / Paschim & Purba Medinipur-Jhargram region, West Bengal",College / Affiliated Institution,Vidyasagar University / Paschim & Purba Medinipur-Jhargram region,Rest of West Bengal,Not assessed,
495,Vidyasagar Institute of Health,Vidyasagar Institute of Health,vidyasagar-institute-of-health.md,"Vidyasagar University / Paschim & Purba Medinipur-Jhargram region, West Bengal",College / Affiliated Institution,Vidyasagar University / Paschim & Purba Medinipur-Jhargram region,Rest of West Bengal,Not assessed,
496,Vidyasagar School of Social Work,Vidyasagar School of Social Work,vidyasagar-school-of-social-work.md,"Vidyasagar University / Paschim & Purba Medinipur-Jhargram region, West Bengal",College / Affiliated Institution,Vidyasagar University / Paschim & Purba Medinipur-Jhargram region,Rest of West Bengal,Not assessed,
497,Vivekananda Mission Mahavidyalaya,Vivekananda Mission Mahavidyalaya,vivekananda-mission-mahavidyalaya.md,"Vidyasagar University / Paschim & Purba Medinipur-Jhargram region, West Bengal",College / Affiliated Institution,Vidyasagar University / Paschim & Purba Medinipur-Jhargram region,Rest of West Bengal,Not assessed,
498,Vivekananda Satavarshiki Mahavidyalaya,Vivekananda Satavarshiki Mahavidyalaya,vivekananda-satavarshiki-mahavidyalaya.md,"Vidyasagar University / Paschim & Purba Medinipur-Jhargram region, West Bengal",College / Affiliated Institution,Vidyasagar University / Paschim & Purba Medinipur-Jhargram region,Rest of West Bengal,Not assessed,
499,Yogoda Satsanga Palpara Mahavidyalaya,Yogoda Satsanga Palpara Mahavidyalaya,yogoda-satsanga-palpara-mahavidyalaya.md,"Vidyasagar University / Paschim & Purba Medinipur-Jhargram region, West Bengal",College / Affiliated Institution,Vidyasagar University / Paschim & Purba Medinipur-Jhargram region,Rest of West Bengal,Not assessed,
500,Acharya Prafulla Chandra College,Acharya Prafulla Chandra College,acharya-prafulla-chandra-college.md,West Bengal State University / North 24 Parganas region,College / Affiliated Institution,West Bengal State University / North 24 Parganas region,Rest of West Bengal,Not assessed,
501,Ali Yavar Jung National Institute of Speech and Hearing Disabilities,Ali Yavar Jung National Institute of Speech and Hearing Disabilities,ali-yavar-jung-national-institute-of-speech-and-hearing-disabilities.md,West Bengal State University / North 24 Parganas region,College / Affiliated Institution,West Bengal State University / North 24 Parganas region,Rest of West Bengal,Not assessed,
502,Amdanga Jugal Kishore Mahavidyalaya,Amdanga Jugal Kishore Mahavidyalaya,amdanga-jugal-kishore-mahavidyalaya.md,West Bengal State University / North 24 Parganas region,College / Affiliated Institution,West Bengal State University / North 24 Parganas region,Rest of West Bengal,Not assessed,
503,Bamanpukur Humayun Kabir Mahavidyalaya,Bamanpukur Humayun Kabir Mahavidyalaya,bamanpukur-humayun-kabir-mahavidyalaya.md,West Bengal State University / North 24 Parganas region,College / Affiliated Institution,West Bengal State University / North 24 Parganas region,Rest of West Bengal,Not assessed,
504,Banipur Mahila Mahavidyalaya,Banipur Mahila Mahavidyalaya,banipur-mahila-mahavidyalaya.md,West Bengal State University / North 24 Parganas region,College / Affiliated Institution,West Bengal State University / North 24 Parganas region,Rest of West Bengal,Not assessed,
505,Barasat College,Barasat College,barasat-college.md,West Bengal State University / North 24 Parganas region,College / Affiliated Institution,West Bengal State University / North 24 Parganas region,Rest of West Bengal,Not assessed,
506,Barasat Government College,Barasat Government College,barasat-government-college.md,West Bengal State University / North 24 Parganas region,College / Affiliated Institution,West Bengal State University / North 24 Parganas region,Rest of West Bengal,Not assessed,
507,Barrackpore Rastraguru Surendranath College,Barrackpore Rastraguru Surendranath College,barrackpore-rastraguru-surendranath-college.md,West Bengal State University / North 24 Parganas region,College / Affiliated Institution,West Bengal State University / North 24 Parganas region,Rest of West Bengal,Not assessed,
508,Basirhat College,Basirhat College,basirhat-college.md,West Bengal State University / North 24 Parganas region,College / Affiliated Institution,West Bengal State University / North 24 Parganas region,Rest of West Bengal,Not assessed,
509,Bhairab Ganguly College,Bhairab Ganguly College,bhairab-ganguly-college.md,West Bengal State University / North 24 Parganas region,College / Affiliated Institution,West Bengal State University / North 24 Parganas region,Rest of West Bengal,Not assessed,
510,Bidhannagar College,Bidhannagar College,bidhannagar-college.md,West Bengal State University / North 24 Parganas region,College / Affiliated Institution,West Bengal State University / North 24 Parganas region,Rest of West Bengal,Not assessed,
511,"Bikashayan, 40, Bonhoogly Govt Colony, Alambazar","Bikashayan, 40, Bonhoogly Govt Colony, Alambazar",bikashayan-bonhoogly-govt-colony-alambazar.md,West Bengal State University / North 24 Parganas region,College / Affiliated Institution,West Bengal State University / North 24 Parganas region,Rest of West Bengal,Not assessed,
512,Brahmananda Keshab Chandra College,Brahmananda Keshab Chandra College,brahmananda-keshab-chandra-college.md,West Bengal State University / North 24 Parganas region,College / Affiliated Institution,West Bengal State University / North 24 Parganas region,Rest of West Bengal,Not assessed,
513,Chandraketugarh Sahidullah Smriti Mahavidyalaya,Chandraketugarh Sahidullah Smriti Mahavidyalaya,chandraketugarh-sahidullah-smriti-mahavidyalaya.md,West Bengal State University / North 24 Parganas region,College / Affiliated Institution,West Bengal State University / North 24 Parganas region,Rest of West Bengal,Not assessed,
514,Derozio Memorial College,Derozio Memorial College,derozio-memorial-college.md,West Bengal State University / North 24 Parganas region,College / Affiliated Institution,West Bengal State University / North 24 Parganas region,Rest of West Bengal,Not assessed,
515,Dinabandhu Mahavidyalay,Dinabandhu Mahavidyalay,dinabandhu-mahavidyalay.md,West Bengal State University / North 24 Parganas region,College / Affiliated Institution,West Bengal State University / North 24 Parganas region,Rest of West Bengal,Not assessed,
516,Dr. A.P.J. Abdul Kalam Government College,Dr. A.P.J. Abdul Kalam Government College,dr-a-p-j-abdul-kalam-government-college.md,West Bengal State University / North 24 Parganas region,College / Affiliated Institution,West Bengal State University / North 24 Parganas region,Rest of West Bengal,Not assessed,
517,Dr. B. R. Ambedkar Satabarshiki Mahavidyalaya,Dr. B. R. Ambedkar Satabarshiki Mahavidyalaya,dr-b-r-ambedkar-satabarshiki-mahavidyalaya.md,West Bengal State University / North 24 Parganas region,College / Affiliated Institution,West Bengal State University / North 24 Parganas region,Rest of West Bengal,Not assessed,
518,Dum Dum Motijheel College,Dum Dum Motijheel College,dum-dum-motijheel-college.md,West Bengal State University / North 24 Parganas region,College / Affiliated Institution,West Bengal State University / North 24 Parganas region,Rest of West Bengal,Not assessed,
519,Dum Dum Motijheel Rabindra Mahavidyalaya,Dum Dum Motijheel Rabindra Mahavidyalaya,dum-dum-motijheel-rabindra-mahavidyalaya.md,West Bengal State University / North 24 Parganas region,College / Affiliated Institution,West Bengal State University / North 24 Parganas region,Rest of West Bengal,Not assessed,
520,East Calcutta Girls' College,East Calcutta Girls' College,east-calcutta-girls-college.md,West Bengal State University / North 24 Parganas region,College / Affiliated Institution,West Bengal State University / North 24 Parganas region,Rest of West Bengal,Not assessed,
521,"GLF Business School, Sector I, Salt Lake","GLF Business School, Sector I, Salt Lake",glf-business-school-sector-i-salt-lake.md,West Bengal State University / North 24 Parganas region,College / Affiliated Institution,West Bengal State University / North 24 Parganas region,Rest of West Bengal,Not assessed,
522,Gobardanga Hindu College,Gobardanga Hindu College,gobardanga-hindu-college.md,West Bengal State University / North 24 Parganas region,College / Affiliated Institution,West Bengal State University / North 24 Parganas region,Rest of West Bengal,Not assessed,
523,Hingalganj Mahavidyalaya,Hingalganj Mahavidyalaya,hingalganj-mahavidyalaya.md,West Bengal State University / North 24 Parganas region,College / Affiliated Institution,West Bengal State University / North 24 Parganas region,Rest of West Bengal,Not assessed,
524,Hiralal Majumdar Memorial College for Women,Hiralal Majumdar Memorial College for Women,hiralal-majumdar-memorial-college-for-women.md,West Bengal State University / North 24 Parganas region,College / Affiliated Institution,West Bengal State University / North 24 Parganas region,Rest of West Bengal,Not assessed,
525,Institute of Science and Advanced Research,Institute of Science and Advanced Research,institute-of-science-and-advanced-research.md,West Bengal State University / North 24 Parganas region,College / Affiliated Institution,West Bengal State University / North 24 Parganas region,Rest of West Bengal,Not assessed,
526,Kalinagar Mahavidyalaya,Kalinagar Mahavidyalaya,kalinagar-mahavidyalaya.md,West Bengal State University / North 24 Parganas region,College / Affiliated Institution,West Bengal State University / North 24 Parganas region,Rest of West Bengal,Not assessed,
527,Kingston College of Science,Kingston College of Science,kingston-college-of-science.md,West Bengal State University / North 24 Parganas region,College / Affiliated Institution,West Bengal State University / North 24 Parganas region,Rest of West Bengal,Not assessed,
528,Kingston Law College,Kingston Law College,kingston-law-college.md,West Bengal State University / North 24 Parganas region,College / Affiliated Institution,West Bengal State University / North 24 Parganas region,Rest of West Bengal,Not assessed,
529,Mahadevananda Mahavidyalaya,Mahadevananda Mahavidyalaya,mahadevananda-mahavidyalaya.md,West Bengal State University / North 24 Parganas region,College / Affiliated Institution,West Bengal State University / North 24 Parganas region,Rest of West Bengal,Not assessed,
530,"Maharajah's College, Balisa Bira","Maharajah's College, Balisa Bira",maharajah-s-college-balisa-bira.md,West Bengal State University / North 24 Parganas region,College / Affiliated Institution,West Bengal State University / North 24 Parganas region,Rest of West Bengal,Not assessed,
531,Morning Star College,Morning Star College,morning-star-college.md,West Bengal State University / North 24 Parganas region,College / Affiliated Institution,West Bengal State University / North 24 Parganas region,Rest of West Bengal,Not assessed,
532,Mrinalini Dutta Mahavidyapith,Mrinalini Dutta Mahavidyapith,mrinalini-dutta-mahavidyapith.md,West Bengal State University / North 24 Parganas region,College / Affiliated Institution,West Bengal State University / North 24 Parganas region,Rest of West Bengal,Not assessed,
533,Naba Barrackpore Prafulla Chandra Mahavidyalaya,Naba Barrackpore Prafulla Chandra Mahavidyalaya,naba-barrackpore-prafulla-chandra-mahavidyalaya.md,West Bengal State University / North 24 Parganas region,College / Affiliated Institution,West Bengal State University / North 24 Parganas region,Rest of West Bengal,Not assessed,
534,Nahata Jogendranath Mandal Smriti Mahavidyalaya,Nahata Jogendranath Mandal Smriti Mahavidyalaya,nahata-jogendranath-mandal-smriti-mahavidyalaya.md,West Bengal State University / North 24 Parganas region,College / Affiliated Institution,West Bengal State University / North 24 Parganas region,Rest of West Bengal,Not assessed,
535,"National Institute for the Mentally Handicapped, B.T. Road, Bon Hoogly","National Institute for the Mentally Handicapped, B.T. Road, Bon Hoogly",national-institute-for-the-mentally-handicapped-b-t-road-bon-hoogly.md,West Bengal State University / North 24 Parganas region,College / Affiliated Institution,West Bengal State University / North 24 Parganas region,Rest of West Bengal,Not assessed,
536,Netaji Satabarshiki Mahavidyalaya,Netaji Satabarshiki Mahavidyalaya,netaji-satabarshiki-mahavidyalaya.md,West Bengal State University / North 24 Parganas region,College / Affiliated Institution,West Bengal State University / North 24 Parganas region,Rest of West Bengal,Not assessed,
537,P. N. Das College,P. N. Das College,p-n-das-college.md,West Bengal State University / North 24 Parganas region,College / Affiliated Institution,West Bengal State University / North 24 Parganas region,Rest of West Bengal,Not assessed,
538,P. R. Thakur Government College,P. R. Thakur Government College,p-r-thakur-government-college.md,West Bengal State University / North 24 Parganas region,College / Affiliated Institution,West Bengal State University / North 24 Parganas region,Rest of West Bengal,Not assessed,
539,Panihati Mahavidyalaya,Panihati Mahavidyalaya,panihati-mahavidyalaya.md,West Bengal State University / North 24 Parganas region,College / Affiliated Institution,West Bengal State University / North 24 Parganas region,Rest of West Bengal,Not assessed,
540,Post Graduate Government Institute for Physical Education,Post Graduate Government Institute for Physical Education,post-graduate-government-institute-for-physical-education.md,West Bengal State University / North 24 Parganas region,College / Affiliated Institution,West Bengal State University / North 24 Parganas region,Rest of West Bengal,Not assessed,
541,Ramakrishna Mission Vivekananda Centenary College,Ramakrishna Mission Vivekananda Centenary College,ramakrishna-mission-vivekananda-centenary-college.md,West Bengal State University / North 24 Parganas region,College / Affiliated Institution,West Bengal State University / North 24 Parganas region,Rest of West Bengal,Not assessed,
542,Ramakrishna Sarada Mission Vivekananda Vidyabhavan,Ramakrishna Sarada Mission Vivekananda Vidyabhavan,ramakrishna-sarada-mission-vivekananda-vidyabhavan.md,West Bengal State University / North 24 Parganas region,College / Affiliated Institution,West Bengal State University / North 24 Parganas region,Rest of West Bengal,Not assessed,
543,Rishi Bankim Chandra College,Rishi Bankim Chandra College,rishi-bankim-chandra-college.md,West Bengal State University / North 24 Parganas region,College / Affiliated Institution,West Bengal State University / North 24 Parganas region,Rest of West Bengal,Not assessed,
544,Saheed Nurul Islam Mahavidyalaya,Saheed Nurul Islam Mahavidyalaya,saheed-nurul-islam-mahavidyalaya.md,West Bengal State University / North 24 Parganas region,College / Affiliated Institution,West Bengal State University / North 24 Parganas region,Rest of West Bengal,Not assessed,
545,Sarada Ma Girls' College,Sarada Ma Girls' College,sarada-ma-girls-college.md,West Bengal State University / North 24 Parganas region,College / Affiliated Institution,West Bengal State University / North 24 Parganas region,Rest of West Bengal,Not assessed,
546,Sree Chaitanya College,Sree Chaitanya College,sree-chaitanya-college.md,West Bengal State University / North 24 Parganas region,College / Affiliated Institution,West Bengal State University / North 24 Parganas region,Rest of West Bengal,Not assessed,
547,Sree Chaitanya Mahavidyalaya,Sree Chaitanya Mahavidyalaya,sree-chaitanya-mahavidyalaya.md,West Bengal State University / North 24 Parganas region,College / Affiliated Institution,West Bengal State University / North 24 Parganas region,Rest of West Bengal,Not assessed,
548,Taki Government College,Taki Government College,taki-government-college.md,West Bengal State University / North 24 Parganas region,College / Affiliated Institution,West Bengal State University / North 24 Parganas region,Rest of West Bengal,Not assessed,
549,Alipurduar University,Alipurduar University,alipurduar-university.md,"Institutes of National Importance / Central / Deemed / State universities and specialised institutions, West Bengal",University / National Institute / Specialised Institution,Institutes of National Importance / Central / Deemed / State universities and specialised institutions,Special institutes and universities,Not assessed,
550,All India Institute of Medical Sciences Kalyani,All India Institute of Medical Sciences Kalyani,all-india-institute-of-medical-sciences-kalyani.md,"Institutes of National Importance / Central / Deemed / State universities and specialised institutions, West Bengal",University / National Institute / Specialised Institution,Institutes of National Importance / Central / Deemed / State universities and specialised institutions,Special institutes and universities,Not assessed,
551,Bankura University,Bankura University,bankura-university.md,"Institutes of National Importance / Central / Deemed / State universities and specialised institutions, West Bengal",University / National Institute / Specialised Institution,Institutes of National Importance / Central / Deemed / State universities and specialised institutions,Special institutes and universities,Not assessed,
552,Biswa Bangla Biswabidyalay,Biswa Bangla Biswabidyalay,biswa-bangla-biswabidyalay.md,"Institutes of National Importance / Central / Deemed / State universities and specialised institutions, West Bengal",University / National Institute / Specialised Institution,Institutes of National Importance / Central / Deemed / State universities and specialised institutions,Special institutes and universities,Not assessed,
553,Cooch Behar Panchanan Barma University,Cooch Behar Panchanan Barma University,cooch-behar-panchanan-barma-university.md,"Institutes of National Importance / Central / Deemed / State universities and specialised institutions, West Bengal",University / National Institute / Specialised Institution,Institutes of National Importance / Central / Deemed / State universities and specialised institutions,Special institutes and universities,Not assessed,
554,Dakshin Dinajpur University,Dakshin Dinajpur University,dakshin-dinajpur-university.md,"Institutes of National Importance / Central / Deemed / State universities and specialised institutions, West Bengal",University / National Institute / Specialised Institution,Institutes of National Importance / Central / Deemed / State universities and specialised institutions,Special institutes and universities,Not assessed,
555,Darjeeling Hills University,Darjeeling Hills University,darjeeling-hills-university.md,"Institutes of National Importance / Central / Deemed / State universities and specialised institutions, West Bengal",University / National Institute / Specialised Institution,Institutes of National Importance / Central / Deemed / State universities and specialised institutions,Special institutes and universities,Not assessed,
556,Diamond Harbour Women's University,Diamond Harbour Women's University,diamond-harbour-women-s-university.md,"Institutes of National Importance / Central / Deemed / State universities and specialised institutions, West Bengal",University / National Institute / Specialised Institution,Institutes of National Importance / Central / Deemed / State universities and specialised institutions,Special institutes and universities,Not assessed,
557,Harichand Guruchand University,Harichand Guruchand University,harichand-guruchand-university.md,"Institutes of National Importance / Central / Deemed / State universities and specialised institutions, West Bengal",University / National Institute / Specialised Institution,Institutes of National Importance / Central / Deemed / State universities and specialised institutions,Special institutes and universities,Not assessed,
558,Indian Association for the Cultivation of Science,Indian Association for the Cultivation of Science,indian-association-for-the-cultivation-of-science.md,"Institutes of National Importance / Central / Deemed / State universities and specialised institutions, West Bengal",University / National Institute / Specialised Institution,Institutes of National Importance / Central / Deemed / State universities and specialised institutions,Special institutes and universities,Not assessed,
559,"Indian Institute of Engineering Science and Technology, Shibpur","Indian Institute of Engineering Science and Technology, Shibpur",indian-institute-of-engineering-science-and-technology-shibpur.md,"Institutes of National Importance / Central / Deemed / State universities and specialised institutions, West Bengal",University / National Institute / Specialised Institution,Institutes of National Importance / Central / Deemed / State universities and specialised institutions,Special institutes and universities,Not assessed,
560,Indian Institute of Information Technology Kalyani,Indian Institute of Information Technology Kalyani,indian-institute-of-information-technology-kalyani.md,"Institutes of National Importance / Central / Deemed / State universities and specialised institutions, West Bengal",University / National Institute / Specialised Institution,Institutes of National Importance / Central / Deemed / State universities and specialised institutions,Special institutes and universities,Not assessed,
561,Indian Institute of Management Calcutta,Indian Institute of Management Calcutta,indian-institute-of-management-calcutta.md,"Institutes of National Importance / Central / Deemed / State universities and specialised institutions, West Bengal",University / National Institute / Specialised Institution,Institutes of National Importance / Central / Deemed / State universities and specialised institutions,Special institutes and universities,Not assessed,
562,Indian Institute of Science Education and Research Kolkata,Indian Institute of Science Education and Research Kolkata,indian-institute-of-science-education-and-research-kolkata.md,"Institutes of National Importance / Central / Deemed / State universities and specialised institutions, West Bengal",University / National Institute / Specialised Institution,Institutes of National Importance / Central / Deemed / State universities and specialised institutions,Special institutes and universities,Not assessed,
563,Indian Institute of Technology Kharagpur,Indian Institute of Technology Kharagpur,indian-institute-of-technology-kharagpur.md,"Institutes of National Importance / Central / Deemed / State universities and specialised institutions, West Bengal",University / National Institute / Specialised Institution,Institutes of National Importance / Central / Deemed / State universities and specialised institutions,Special institutes and universities,Not assessed,
564,Indian Maritime University Kolkata,Indian Maritime University Kolkata,indian-maritime-university-kolkata.md,"Institutes of National Importance / Central / Deemed / State universities and specialised institutions, West Bengal",University / National Institute / Specialised Institution,Institutes of National Importance / Central / Deemed / State universities and specialised institutions,Special institutes and universities,Not assessed,
565,Indian Statistical Institute,"Indian Statistical Institute, Kolkata",indian-statistical-institute.md,"Institutes of National Importance / Central / Deemed / State universities and specialised institutions, West Bengal",University / National Institute / Specialised Institution,Institutes of National Importance / Central / Deemed / State universities and specialised institutions,Special institutes and universities,Not assessed,
566,Kanyashree University,Kanyashree University,kanyashree-university.md,"Institutes of National Importance / Central / Deemed / State universities and specialised institutions, West Bengal",University / National Institute / Specialised Institution,Institutes of National Importance / Central / Deemed / State universities and specialised institutions,Special institutes and universities,Not assessed,
567,Kazi Nazrul University,Kazi Nazrul University,kazi-nazrul-university.md,"Institutes of National Importance / Central / Deemed / State universities and specialised institutions, West Bengal",University / National Institute / Specialised Institution,Institutes of National Importance / Central / Deemed / State universities and specialised institutions,Special institutes and universities,Not assessed,
568,"Mahatma Gandhi University, West Bengal","Mahatma Gandhi University, West Bengal",mahatma-gandhi-university-west-bengal.md,"Institutes of National Importance / Central / Deemed / State universities and specialised institutions, West Bengal",University / National Institute / Specialised Institution,Institutes of National Importance / Central / Deemed / State universities and specialised institutions,Special institutes and universities,Not assessed,
569,Murshidabad University,Murshidabad University,murshidabad-university.md,"Institutes of National Importance / Central / Deemed / State universities and specialised institutions, West Bengal",University / National Institute / Specialised Institution,Institutes of National Importance / Central / Deemed / State universities and specialised institutions,Special institutes and universities,Not assessed,
570,National Institute of Pharmaceutical Education and Research Kolkata,National Institute of Pharmaceutical Education and Research Kolkata,national-institute-of-pharmaceutical-education-and-research-kolkata.md,"Institutes of National Importance / Central / Deemed / State universities and specialised institutions, West Bengal",University / National Institute / Specialised Institution,Institutes of National Importance / Central / Deemed / State universities and specialised institutions,Special institutes and universities,Not assessed,
571,National Institute of Technical Teachers Training and Research Kolkata,National Institute of Technical Teachers Training and Research Kolkata,national-institute-of-technical-teachers-training-and-research-kolkata.md,"Institutes of National Importance / Central / Deemed / State universities and specialised institutions, West Bengal",University / National Institute / Specialised Institution,Institutes of National Importance / Central / Deemed / State universities and specialised institutions,Special institutes and universities,Not assessed,
572,National Institute of Technology Durgapur,National Institute of Technology Durgapur,national-institute-of-technology-durgapur.md,"Institutes of National Importance / Central / Deemed / State universities and specialised institutions, West Bengal",University / National Institute / Specialised Institution,Institutes of National Importance / Central / Deemed / State universities and specialised institutions,Special institutes and universities,Not assessed,
573,Netaji Subhas Open University,Netaji Subhas Open University,netaji-subhas-open-university.md,"Institutes of National Importance / Central / Deemed / State universities and specialised institutions, West Bengal",University / National Institute / Specialised Institution,Institutes of National Importance / Central / Deemed / State universities and specialised institutions,Special institutes and universities,Not assessed,
574,Presidency University,Presidency University,presidency-university-a.md,"Institutes of National Importance / Central / Deemed / State universities and specialised institutions, West Bengal",University / National Institute / Specialised Institution,Institutes of National Importance / Central / Deemed / State universities and specialised institutions,Special institutes and universities,Not assessed,
575,Raiganj University,Raiganj University,raiganj-university.md,"Institutes of National Importance / Central / Deemed / State universities and specialised institutions, West Bengal",University / National Institute / Specialised Institution,Institutes of National Importance / Central / Deemed / State universities and specialised institutions,Special institutes and universities,Not assessed,
576,Ramakrishna Mission Vivekananda Educational and Research Institute,Ramakrishna Mission Vivekananda Educational and Research Institute,ramakrishna-mission-vivekananda-educational-and-research-institute.md,"Institutes of National Importance / Central / Deemed / State universities and specialised institutions, West Bengal",University / National Institute / Specialised Institution,Institutes of National Importance / Central / Deemed / State universities and specialised institutions,Special institutes and universities,Not assessed,
577,Rani Rashmoni Green University,Rani Rashmoni Green University,rani-rashmoni-green-university.md,"Institutes of National Importance / Central / Deemed / State universities and specialised institutions, West Bengal",University / National Institute / Specialised Institution,Institutes of National Importance / Central / Deemed / State universities and specialised institutions,Special institutes and universities,Not assessed,
578,Satyajit Ray Film and Television Institute,Satyajit Ray Film and Television Institute,satyajit-ray-film-and-television-institute.md,"Institutes of National Importance / Central / Deemed / State universities and specialised institutions, West Bengal",University / National Institute / Specialised Institution,Institutes of National Importance / Central / Deemed / State universities and specialised institutions,Special institutes and universities,Not assessed,
579,Sidho-Kanho-Birsha University,Sidho-Kanho-Birsha University,sidho-kanho-birsha-university.md,"Institutes of National Importance / Central / Deemed / State universities and specialised institutions, West Bengal",University / National Institute / Specialised Institution,Institutes of National Importance / Central / Deemed / State universities and specialised institutions,Special institutes and universities,Not assessed,
580,TCG Centres for Research and Education in Science and Technology,TCG Centres for Research and Education in Science and Technology,tcg-centres-for-research-and-education-in-science-and-technology.md,"Institutes of National Importance / Central / Deemed / State universities and specialised institutions, West Bengal",University / National Institute / Specialised Institution,Institutes of National Importance / Central / Deemed / State universities and specialised institutions,Special institutes and universities,Not assessed,
581,University of Burdwan,University of Burdwan,university-of-burdwan.md,"Institutes of National Importance / Central / Deemed / State universities and specialised institutions, West Bengal",University / National Institute / Specialised Institution,Institutes of National Importance / Central / Deemed / State universities and specialised institutions,Special institutes and universities,Not assessed,
582,University of Gour Banga,University of Gour Banga,university-of-gour-banga.md,"Institutes of National Importance / Central / Deemed / State universities and specialised institutions, West Bengal",University / National Institute / Specialised Institution,Institutes of National Importance / Central / Deemed / State universities and specialised institutions,Special institutes and universities,Not assessed,
583,University of Kalyani,University of Kalyani,university-of-kalyani.md,"Institutes of National Importance / Central / Deemed / State universities and specialised institutions, West Bengal",University / National Institute / Specialised Institution,Institutes of National Importance / Central / Deemed / State universities and specialised institutions,Special institutes and universities,Not assessed,
584,University of North Bengal,University of North Bengal,university-of-north-bengal.md,"Institutes of National Importance / Central / Deemed / State universities and specialised institutions, West Bengal",University / National Institute / Specialised Institution,Institutes of National Importance / Central / Deemed / State universities and specialised institutions,Special institutes and universities,Not assessed,
585,Vidyasagar University,Vidyasagar University,vidyasagar-university.md,"Institutes of National Importance / Central / Deemed / State universities and specialised institutions, West Bengal",University / National Institute / Specialised Institution,Institutes of National Importance / Central / Deemed / State universities and specialised institutions,Special institutes and universities,Not assessed,
586,Visva-Bharati University,Visva-Bharati University,visva-bharati-university.md,"Institutes of National Importance / Central / Deemed / State universities and specialised institutions, West Bengal",University / National Institute / Specialised Institution,Institutes of National Importance / Central / Deemed / State universities and specialised institutions,Special institutes and universities,Not assessed,
587,West Bengal State University,West Bengal State University,west-bengal-state-university.md,"Institutes of National Importance / Central / Deemed / State universities and specialised institutions, West Bengal",University / National Institute / Specialised Institution,Institutes of National Importance / Central / Deemed / State universities and specialised institutions,Special institutes and universities,Not assessed,
